Account,Token Account,Quantity,Percentage
KpXrCt3pjJYFind2kgk7nQ3dS6bqjC2Ze3zzE5MQ78v,XSVWXKiSqMLcWEb8a7qjsGE5dmKiqkE8coyXRTDpta5,177373627.0160711,19.27
E35MHYGnkU57jrqR5pBKC8SX4EwLSGxnEXqyVdgemedh,E35MHYGnkU57jrqR5pBKC8SX4EwLSGxnEXqyVdgemedh,50000000,5.43
83G1QyawkZ28nqRrNSEpaYQXiY1zB1TixPycEGAYWyAM,AB2khhSZvV7csBUgNvzgwiMts2hqMNPoCvJKVFXqtRQ9,27334255.23380647,2.97
HC5tR5cv2Z4tVzHY4XDFgPkHA6ZVqWsgLkvgACpT7qAW,CMYrPzEwuYG3Y9KmeyxAsc8eJq3tAyojTbCejAsPbvEE,24602295.04440712,2.67
7xiZfiHvSGJ8UCCBWgdWoy7XcLGEJPKRbX7pESwrdX6c,3chMwbonF1FboStUrk8f6YCsZBVpfQocwSy2ezdUAbSu,21970410.63539034,2.39
A3NwnP4Fmjq4DwtMnnsN8WArWRYkeJj5rdH5dDGUEPFu,FnwdHk3DJFodA8MQjdLsfichETwhQZ9GyHCwMTX67Zg6,21417625.774462115,2.33
AG2ErUZU5BCLoLwf8biEboPJ6sbxC1jUV6qGd1k3mrDD,CGfNKgxZeHktKXxeFbAi3ZTPaL7s8wx1ayDGooTuL2tP,18627186.17372659,2.02
H5YvUy7T5N6ZgMoRDo6ADnjmheQ8t9ESvg325mKbHc8N,BBft7VYCsbTRzsS6cCYV3KcEqZcmmdBNFrVKuw5bcxKQ,18281060.40019185,1.99
2nrfvVrcc1HJq7cD1SyivbpZpmEqbW1niaXQN7onr5H6,5h83YBinTaYQ7zwUqNVuVAfNZuVNdhuu9AFnh14JAHK,18046970.93892335,1.96
Fvn8YFoTd2YxyxnghUYEKuqZL38Ac9tpJuqziceY7rDQ,6LKyYMSPeiEFSM8JQFQGykBD6WQ9wYsE6nmRh5K3uyZS,17132039.851898506,1.86
EkQdMebfdxWRNuQrJTctM1bbm1u7bT4Pjg7g1CSgQ5ve,3tsGvMZmBhpjpWT4HfJXbFWWFeFT6QDCFGv9oXMvcYAj,16847379.130427133,1.83
6e1GCzyBewQdXqQQonLCt2YuMhur6DcyUy4acgymCFZH,ANs1MhgFHhmE7dkW5D9Eyi6okRhv1tv2CmrQ6LSbqsdM,16728721.809654923,1.82
EqeZVLP8zDNocxdG7E5a1YcNFWNExocoUuZFpL4JG6BZ,4Y95ezTgGckDpytPonTqDpek4gYixArWcxk6QdY1FQbT,16358302.161853883,1.78
Tfqfe4MnibU2zDnPPfq7eTmoqeMeehtgEkBibr8fLwf,48cGXtCRfqKLJgUDg9cMqTSsTj64oQoMWuXGsg1J5cHY,16118531.611658065,1.75
4NgUB6u1T6JvdXjTYsUaF6AcEFpKwoLD6azuSfo11MhW,E521mfX3gnPKci2WjaKbbKj5sQ8sNBaSwnMXBrEbaadj,16046697.654189315,1.74
3YXZctNc5fxt693j4zdGG3xeQ9EnrATHQdrpioH9iT1v,7Ex1C9CquwdKWqrVxVztkUEfJLf7sbUiUAqnWaCcbCWy,15500507.49215108,1.68
89hH9J3igRgqafjBgUhMcDgwNH55HhffsguHu9WmsdWt,94XVmDTecB5nYvUKpS3psBYxphGcJvTthBRMRtHn8pRh,15000000,1.63
8eoVGDFvKu1h7rHzxqcbeAEPw8uiUWNLGaZtw4NSbGDt,25mnrifr3pT4uz7sxMejiqr7Yia2zsaBdesjAPeua5X7,14000000,1.52
Gew3yajoEoQTxFHoRAQaxNpHQx76pp4mQFaVydY24U4D,A6eTdj4SFiKs6b1rPiV5kob47Asp6PEueBRRVD8Nk9vi,10043489.2516506,1.09
BSV2TufvWDARRuzieX4AeHyFsYBGQnraHTp8oKe5XKoC,zc4zweHysNuhTfA4UR3jzXWbPuEFmhrKqaXEkoGbs6V,10000223.962762196,1.09
99q5Uy8yZJnRQ6afapJqR59KeunjJnggZLMkUuyasUAV,69tirLLRxxr62cgVHZn4dByEXGWXymQ8H9sxfRczGCzm,10000000,1.09
2EoLNuYxGTKhuVDCfw2R1Tg9prFe3U78vZty2f5MZfVc,974Yi8NTQZPojw9GyYgLZiW6JDZbyXZKmfoNKMh1VUBW,10000000,1.09
CxLfefFjeedtKUdXVRT5zPvn7rg4j8vjf9w63jtN59sA,BrUQaViJjPx4Te9cPsRjwNgP8gJRmhstaVLC4aKxbREd,10000000,1.09
2E78tNBemHGYi4BCuDgF6db9HgiKNv24sBzBFuVzLs1p,3fHp8Y4N6h2rEANYkBvLBfNV148XjBqQFj2UsH7AowyT,9597101.58808852,1.04
38EizBTDViNRo7gyLt8GyuSjFtsv47hrce3VpayZnvK5,GZfHsYeKrf4SeidLNZDDwPnQUEtH2V6pCVAg3JfdPoXP,9329823.205169601,1.01
5pxkp8Rpg7xHekFf7URJ25i4P5ZXVk8hRQUaDKytU5K7,7GidG6Q36YMkSmBFSdzbNozdsJPeiRbShJo5Q8advfm1,9306876.990284352,1.01
CexVTtwFKEXU9FaxY28Ub3gCppZF3F6cuxPHZVoLKSJH,196MKGdMMQjtmWgR3UVQ9biPBH3G2CKK3jybt2DfvNP,9185424.267467799,1.00
GVrA8aWwegSfSS5RkaJgCJ9EANMJJpJaKbikKGvApT9N,GRj47TvcQ7mhgeoZkUBs58pveh3CbZBvFV8bTmRzVPCP,9009900.645649249,0.98
22pw8MFxge9epEQpRaKBAyVd3kAWKESGMgJ2cDvEBBZs,G7Z7BhvztFMCcAaxMsfzDzwCzXdMj21gqMNnZWN76g5z,9000000,0.98
HAhM9saM6Q6NhJPSedfjLUBzmEyh6HSQ9H1HayDrYPzg,FvT5HyKXVaL1V1Kd9Bx88nsac8XyJP7czLXiLTiscZAK,8962959.022071216,0.97
BnJcnUSiHoGhQco8NeBcL7YcAjQXP6xCrAjrLXktHtMh,3L8mnoemW5weg1epJfcxebMVAsNJAF9eMYfeiG6TtRnG,8805828.076689867,0.96
D2mZL9GgVWPVQnuKSgGPtNbfsMeZHLosfdqa8pp1tYtJ,8gMZ1im7AUk8m3BQwyYkQpwAGvnSSKZZd5aasAoZsoFG,8742567.447129834,0.95
HKqeFUrjncNpoc9PmiMe8hXGewCd75T5NhKuLTdKsZPS,9z1gAGHanoqqrMEQL72rcBBAAuc5nLtui4KMqGyE8MeE,8445885.957423473,0.92
JALmgbYubY2WPcjE84TGACeMkRhchQApLtXpWwveWpAw,HY5j6SAu4aHbgNPmcaRdRx8XHrPTtPdNp3TLqRBdFyDD,8362904.159923009,0.91
EYNsxgoUJGsXhAVx3rEGqyFzVLVrBWot1kiLkgAGTx5b,9DuAK4b5bjbYyVrFESe62v4VZ8j2kD6e7S9K27zp6Q83,8283979.825744958,0.90
H56yH4PQ8tqYtpq4PsfGTAfPDhPEHgRNo7ETGUdbSkh,DsvFbKDTsS4yFJGLMbNjzfvzsLeP8yCKmN715Bm5Rc4j,8206252.44970961,0.89
FYb8GaFDYDKGqVwYv5TEMb1D1B617dCJbMm9K8w17jjC,7B4Sev3KjPJUnjqmW4ZXULYb3m9k48QJPrHZPz4Y56KE,7937936.695700072,0.86
8r5Vr25XpXG7js8kVmGX9W9GpuNsbMJ1tQ7faCv6FTtt,5r5pm9dn9AfgfkJgc2fKbonABXcMeh9D1uRfrK1PGVw6,7828673.537097986,0.85
CyaD4ix1NTpdfQZGRUd9VKatT4HMqZXWERMemzzpMbWU,GTBjTMmKgZkd7rAKEQJNZV1jwVE6etKzrUKTgMdAUNuj,7660120.934643894,0.83
EScsaSLqDLK6yX1kkq9wmLT7WEhR8RousUbdaFNqo2kA,FewDebXRPPRFHu5cDXtEch4qUopTve6m2DiHYt96Uwk2,7000000,0.76
D4CVVD2QtMSoBCN3BZVuVcyYqfZXZvvR8LrxbQbC1mSZ,F27hC18bUXZtM4Wy73cNKSUj5Yc9hvdYjmC3zwN6zEhn,6707406.994573376,0.73
B8X36GEFkdv7NyHkeXh4Wd8zyxhXcVfHnZgYw5iVyWYP,Cxp7DJKKUkdPUk4txnYqJGAhLGxuDJeNUBuhgFvz2tWr,6214570.857673024,0.67
CgQsTyCKZjEFmQwUpSBmUi6PjT7c9PAcNizwcUJmpE5q,Fo5wPD2A9gRYuQc7X7PYSysq8GbmoMYQjkZTyvjbM76n,6071742.784380011,0.66
6q4pTNWtRFTGYVUvsEJVc9sFSz8TraF6upsjJb9Hvpb5,HJcfApagbQo9H2JnKCjVMjPLFqLv4PxayCH8ZV4u6dxJ,5614380.010883902,0.61
E1zrCeiLVwrJGELj3tgmdSQQBwXSHN9tbaqF2zrPbyM7,4WtN52RGhMduYKxa9Wgqxgcw1aFmYzY6sasXiFFAdWrc,5593734.155266829,0.61
D3LsBbt4yDdqzNwX8hXFY94KqAbq9rcyZ9mzvC2fa6h,rYKfVBjYLcdXCB3HeahmWTh1yRTcHB85eeN3DW96aTg,5331620.407093793,0.58
HubCdJpywd22JrZ2zPk49LPgDMtik95QvMVTdVac4ZwN,BJWHcDxDFeNnyqj18YePqcLPJiLFW4hPNeknYYYijXNJ,5216147.055126659,0.57
5nfRmayQ3S5ieJ2rxanbmTwjXks49nwSoGuzWTLLVsk1,3dpsKx6YRGuU8CST5ZdqkAaSkifgtj766Gu55RRzTKon,5146049.534648279,0.56
D98chbUDNX2v99Qcay1ev5QNpQDvoktYYk2w3WftHPcH,9uBi6gtkHQMLPbB2hKfLyCtwohHsiHTba6gzvmE7crTs,5009343.427461865,0.54
4tmbYyUoJahSogguzCRieAFdLp3RhzoRKdfGUpzUepEN,9VZf6p78godacnB3DzkJuZmGbdWortJyGEx3zwRF7gWR,5000441.183474653,0.54
A2U5owsnFK2jzgBguZCDqXsPzra7ufpYG5N6CFCeQrk6,EJNvT7LKnzatZLwrnJWU6mNft2fU4iKyBLjsjkq3i7Hn,4374298.882741763,0.48
6FKe8F1NaAFob7UBvLPVdCwwhtogNoS4TsyRfwEQDSva,6EyxpSnfpBshsPhm1qPm9m3hkXpCqiFcHGqXaiZNRsSN,4272818.446821391,0.46
2daBXinfNJ62osKdmG6s6Uo6PnaKym5z7DF4eHGGA8D1,EMUa2soAk5XHD6ZQx2oi794YQaQsXVe96sS9NrG1j2cf,4157495.992137329,0.45
HYqMCUf24LCh2Q6BCvzTzePJ1tzMWUVCTjiJ86JYjEBv,9nKDXGKyeKgjKXkoTBtpJgKQpKfNQsBYLN1szvUtRhE3,4061001.854421476,0.44
4LRYAPMU8EeSR4CNWUzvtEV9s2o4RY14wtg2j2yR4RG2,4pcCgr4vCCtkxUZQiix5QBsQMQGg8UZ86ipn33hQ6GXw,3805064.688914279,0.41
3tUF7PKKByTfCJQYvwrBrEaCRL2j5n7KsU3D1iJW7DUq,2PEntxufGR6rugCM2myHN4tsxL5TMeeKYSPpDNf26jon,3516427.871422339,0.38
XawmkrNqHzFp4q3EXopAbXxcPjUHdymLTGTDmexhwBB,8639CEHuGgqBP3xLH4fhMX5ArTQ8rJkPH1nxaxx7fvhC,3400989.165408559,0.37
97HNDFwADuHceYYyzzESgrAY9EUxrWC5eZHLJLPVs7Ff,3vuTPDVQBinf63TyPLrjipK8Y6dmeisiwjPzA3WN2bTP,3360495.949081919,0.36
HkCbLth6pAzZxRPgUddhU9mjzw6pgmUrDyAGTLRcQT2Z,EzSBd8w4XDcswENTevm7vWuakB1xRhraca6gA2NNHLSX,3335344.713070208,0.36
95jYA5TdJTkhdXiPecxcjFrkksjfEQey8ZD3CTmfz5VS,FbzbVkAWEmxV6aJK989LNTZbbpmA6Dts68fT74yygj8L,3028695.914092351,0.33
48jP7ynu3AjEiV7Tvg2k8QUReJoRDEq3moz6yBN6zpcm,8Wfye4KwozCJXntvbj8rJFR4irtceuukEg1BpS5yPxQS,2690086.165121954,0.29
6bBqUAVwbDskwE2oBsnyHmRXESUNHHCjZ51TzWRwehhH,4JZFeahMsVajZiLmGT8FoM8V8bSWrAG38CekARBo2gjc,2684612.200960597,0.29
Hh2jhMUYp7opjLNSZbppJhA3Zncq1AT41jYfihvtjFJj,72HDWMAojCsqKUabjXhfb1Vkx6AfVmWMnuoJSAfoadgG,2621785.081845691,0.28
EhqU36n9bq1CA9AyGJUCurnZw7NBp6srSJUKWmsWfibe,GQSNanXAcpqCrB1M1sxv5bGcmLFAp354YjCTyotMG5Vy,2516318.69880758,0.27
Hq1QKhzC4ZkW6eegxJttTYPCArvArjnsVV7av5ekKyHv,JDbCrYohUFiYW2doF4wWf7MPdMo1XFArmbqJ4s2cvC2r,2514672.898447783,0.27
7RVW25N7HTqPye3GVm5vC1JHbhV4S4VLVwpcpNwbQkK6,4jcEThCW1FvuiUYSMKdogexQA2VQ2xgKxXXNDvqHcwHq,2358336.851245015,0.26
9aEiQ34usEMG6dLYc9f1aQzD5SdmcTs6GHDpCMhYcBxA,2hUWpk1kG5g4a263CqhM256FKqNup9EVhKaC3MgAfKvF,2352972.883358275,0.26
8wEopRtg7V6cWc7CzQyutWrKqoS4VLKLqme2KFcVEiDn,Dgsr657yde7pyyPbYxwLRb4TZP8GaKUz1cC3JP5r6m9o,2337848.155977794,0.25
HrZAZJv3bWDnh2YhFgHP2fpspkCD6ztgp5F4XDVdBMGq,BcDRkRa32Zy48zgrW5guua3EPFV6NrBAdjgUY231ni4Q,2263376.714406515,0.25
3MeqPU3MCRrHu8sVkkWJNupmVoUXEwY1ysZwPBYKrhrd,FhBSj4BKgzRwEUeQ52GsyAWehPosGst8QR8cQuSujpNt,2228632.076750487,0.24
DL5ag5f1ZoaRbMVfkgv2wzDDBPgPv7QcU4u7fmg4txfM,2EsNgCKZd45rR8TeJphxTvXx8PHxLr8nKfn1ELVUCozs,2222998.743971811,0.24
BePxmqY235J7s6wWvYnpju7Gs61J3BtEkjPbj9QnwH5E,HGtvX5Az1RKXEKqQU58GwURWdhFzb8mQ1DvTYqP8sbV4,2220782.313528627,0.24
FeyNFa4QxNNkXXMS86VJxyadMArBAtB7Ct2h96KXLCfX,DPJotYSLx4o6QyAz6j6GJfk2x5zij9UB1zSPLxR5mUZr,2140550.820894257,0.23
A2XFtjKy1GBdeGhNN3SktPsrnnmFimnoMQo5yBR6asKP,hkHKQ7PzYsWrtgepaWqSzitam1vGaxZrmdr5bkFZkS9,2127568.040012399,0.23
AMRB46zqtALkm6BuoRNunUyXcb5LHdLoUePP2ZqMV4Wb,Db7z886YBNonrjLfGnwhywbFZKAqAJC1wUbNwh5MUa2i,2069505.880837885,0.22
HuCsnnQ9b2tQ9DXgyLa6vjwQwwN1sjpNGvQw6eFg4P7s,2SA18V3hZdZLKEz7yPwsYA2WAoD8oZ5rejBoqyzvYjgD,1917134.862999302,0.21
5bacVT6rmL2YRruXkMWeewrkdqkdaQKEYttGe2MxaE8W,8RN6eesNo1nDKk1t1Wo418jfNzWmmYZGcCYHk6M7rPih,1840759.132511017,0.20
G4T9x8sG87qbZKzK9V7FPym6vokC3uLNgHrN5wJeoQsu,C8TtdjePe57uhMie9HRLVgiwXiPSuqbbWBeqExxCiTYd,1754193.810829668,0.19
8RGefHGcAegeU8PCVkySnbkhKDJWwqLr4DYkbDGyXyUX,Gd1yN3PupdjFcwv3pRu2MaKxRCvdKSznNTRdtdGeAWsM,1686724.859581883,0.18
7aKeVFSpmat3naqe785R9fpocDTmM3E5Gig5c2fUNEs4,HPrDb2ziP4LzuQRFRsb4Ajjm9fwNiRynqPUD9LPRvGUN,1683711.622172183,0.18
Ev59NKWGFMFeuF6pm9k9rzB4t5ggmPGd6rJkALDjSZU8,6EDhXXcwUjKJ47gdBvLzmEThsBdzvRKcP1dY1Ax1R3U1,1587401.999000864,0.17
FMHub7rBEG2CwVoK1qAJyzwQkCvD4tthxUm3nX39aXUL,5yPDKmooJ9p3RckbMrCXx3o8NEjqVHbqN6rHhpCAtCZU,1550325.335808682,0.17
EeKDbRMqvc2rtegwi3GFC4Y4733JuD8DToiciZEaLHf4,XpciLTT74HHhhTFZzGdENxLXzLywekRZZXs7QGGVghe,1545080.878177529,0.17
3fu6zjZNhooZTU5fK3JKcfLnMD1Bsx1GNVSzX9ibhzpP,2hF9sZcEY2yKjaZx9DYtvU2gQwAqkLZmfvpG2e63ynrB,1499566.606427953,0.16
8yUSm2jYL3xhiHJyzYpGPErs8jiLvqe4pvLRhXntZ6ra,b1817pKvJaoZFaN3CLPKJJpeBzKLMv7LYKTMSb1Mh6n,1422812.891261625,0.15
BTwghLbrCkbDBr31EYkZ9xCPGeCTfoL2RDt72qeeW3Qd,943Wh7xM3vVpB1svtJc9GpFNoYQPL616SNFxZB9SSh3W,1360700.037902996,0.15
8psNvWTrdNTiVRNzAgsou9kETXNJm2SXZyaKuJraVRtf,3BGcixE3dY5KPMyPLsxCGsGbPTS9GXJPN58d3um4a9X1,1291374.530303821,0.14
D4dUffT3CjtDiobbWzxBDA2VbEsk6Dr4eA9CRDtaXcNr,3K7J6ZtPfyANzbSBFXuJ29htzHPrT88cReMqwxyv4jYf,1263974.337258125,0.14
EFPxVvUniaAsosy1bBanFhWM18LcE9KafsTbZG3ZskgU,2nbovHvpG1PkDStYhLSY1PyJ6uzaDwisqxsPFUhaJ3cT,1168467.489752804,0.13
8hTkaiZPiPwpEGE5DdtttBVRR5Ywdyc6eqSzwv71wPuz,4s2w6rka6mTyXbUVWTZR6yLdAkm5nrSXya6f6R1krB5J,1110962.936650766,0.12
AsjhvDxARuJALnv1bxZpzTu6Xs7APQHbaKZwdY2PXj65,CUb9iUYrimuCVBPamgHgDWXjvP56X5fMobNzFkQHVJMX,1095310.948200861,0.12
FCr8rj8GbutGoBS8cwKc9bEX4afioBqMN9orv8PViozi,3YutVXN6o2B4o3p4CyWgGr4SJUkHHkDzTDhE4ciV5E6M,1089609.352706506,0.12
D6pb6JDyA8pDATN6XXu26JbFa1tFK1yQKimGgk63nsR2,DxQ9DvhaGzA84kyhTZDZB7eXndXGPbCJnWwGGeSpJ6SN,1083827.345922463,0.12
AkJurmBsGkJQnKwWDfR7K7VHXFN37bx1uhhWmGgnijsv,CdGDirQ2hpgFCNjxSRfVoZujawtNi8eRKfwYQ6tUzGUV,1083479.933460179,0.12
3iFTfUx1vDw6ojAsMAExiQrZrTsFgdRycjNHnzAayAyJ,Gsd2cA4XgFtf7N4DF4gYYg8Uxopby1WkKNWyggpiwPWL,1081140.562201045,0.12
8MftALg8mGUBiUDjzWyEZDxa19ernyGMX2kTxkKsoxJD,CGRGpC8W3hHMP3gQ7QbPQPv61aLnSbDq6U77PMQzpe5E,1020641.18675716,0.11
5UemQvn4tgWF6Mg7hF3ZAT37QQ7FR9AucZUd6T6MfyRA,DTZrHJoWPzVXKq5TnSiz8e8qPiCzxQWV7g8WxSe3Ljuc,1019800.419643111,0.11
BT9FdCqxB5tMdQwgREggLBoKfH8z69q33YzjK4tYHrpn,7PwX947AtLndh6Fe6NQcQzciutXo7xqLsqxqdf1AABLh,1000000.000129028,0.11
Gnm82VG1vQsVpWbW1JHrKKadpy9SYH6WZawsvdHb7tBR,86dEQM3rUb14RLJXZQRyxJ2nCeNveLFiNpjTju6APLxQ,998105.84226764,0.11
ED1Z3XY1PqdeRgy7qaMMmNyQGUR61Gro39WBJJF5muS7,DZTSzHrRGfWDtwocLVyd7eivgdXipbbN9boJmnDrUGP9,903988.737139847,0.10
DBjDJ1NBtfPTBhESZnjzU5HbhrHEaVYxJM3KZsJfBS9P,8ZWoD1YUJKQxsxxZomBiXH366mtmThnCGsDrkJvhrbAj,889276.043155787,0.10
7gowx342LaUn4LreVj4883eZZqjBsVJ4b7GnzZoDMG25,3zi8xVPzbYR11NVzWTn1rqESfS7CHzNiTed7foE1hjkB,866723.772927254,0.09
6XUavcSZ1e6V8gNGLgCsDbYrp2Wf1ckNeasLyU6ppYSc,HtmuZE9ew2GsLnRhxK7qLuUsHPpYF347T5iH6NQ7NnBv,858225.545867204,0.09
27o5tMFoZRf8UYLxop25ZBAxoy4JMUBuU7p2QUKw3Fi5,JDZXgfZ8Y75sYutk6bUUW9e2StHkyPFPV546ei6LZpov,801811.240547171,0.09
27zyHsCbojP8WgEsyWgyWPZGzsepGaZdpDnrbnwqkwmW,9TxEGgxB3f3xzunqjA3tpvnPkXUSETA5Pxs4B9CEqYb1,750007.808597418,0.08
93xQJjoPdshZ34tBQYNGcCAfM2XjpDwph6uShw1fnckW,HaJzrHoRKT95ubxXTgZmPZrZc19mboJNdWKT3whzwbpF,741803.717998913,0.08
AKu5wusBZwoVBMJfhtaDsG2WzpFZWWrBfGZ16N5ubd1L,8ioFZVDDxJ4QWsvYojcV8vuBgiS79EUYHNY67Stidvjq,725050.741603628,0.08
ZG98FUCjb8mJ824Gbs6RsgVmr1FhXb2oNiJHa2dwmPd,Bv5AM5wUpBKufsCV3STM9MPbL1Hg32WgGSkRYx65Ra7U,703708.948714024,0.08
9VsQhB7ExQjx7RsGL3xdZaSPMAq3XAFFCr1eScZnZNCj,CkvYSZDkquHEaFShujauK7iUx3W5tWb6wfbukX5pkuU,700000,0.08
GSangGxLuSg4NQxjB3c1WymEWMYHtWXfUc1tPsdmLEVv,CW7A8q1FrqBUMZpgBgHA3U2ckdjL8nn54RWQAD6Y1CKC,680868.592678088,0.07
9PGoFisoiqZnDikwTUGuDdw2VWvdEUyD1qUXXgdLtzhM,FDxjjtxcHjz6DAKJxCyyCVD83o3wBRfYb6Mc41cLnwdo,657397.803205234,0.07
G96Ac3EwonHunrqZWiMMcgZ4FL5GDoq97gudSSnVnp2z,76VddTjQogx88TFfCuumNtciyfQibui7E1rTYYTUgGhN,646146.865531496,0.07
GLKfg7jnfe5GTj1JooYwc51G4uaGDpB55QGzUMzjnj1R,561dSrbu7Z1nXReEKddBG87bT44LgG4mqMswLW7h82QD,638082.560313878,0.07
5YrW2H8tBVCTZ9bXzgXRMWUAZkcSecG1Z7sDPwwwLFya,Dcqu9Nj1fEsCqRDCGmmVT9fdyzZyoCgEczPepxhCptfW,635441.3030927,0.07
HU8MAiFU79xpHvydPA9iqWYrSBYd9hU6c7RQStPWkUoW,9L4QUnxW1TWPDUCKC5H2S8c5JUqRKubLsV2rb1sYe18h,627945.835658725,0.07
4b2zRzDx11Rc7uDEoRTVoj41y2Z5ZARM689q1rJfYmDn,6QENN34duCnkT6NTa7YMePyqPhcjduQw3d79GtHxwdBh,611487.547360549,0.07
3RPHC5cns5yf6MVKkHgFtWxGaWVgr56HNofzfSMeSiuz,ChzXrBTFuj5hNVwZXjTb8rSPoSUAVdaLb87LJm2bEcqf,610160.926134989,0.07
3ocegXHt5ZD8zyTudq5J2iZWw47XTZQZHTuhyWqAj6bM,krrpaiN52XQSZWshRERnac9qeMZ83R1r2Ai2ecVYzy6,597667.328587089,0.06
EUaGMYfk7KFfCn8XPdRNVPNC4pvg3vyGYXovkyuWitUL,2v14ZdQS1U895RB8kQPhbBYokhaKrW2281NQp5B68Nso,588532.399157503,0.06
7YbdA4WVbpS89iucKVWAWQBSMaj84rvKbUBpKmJXKPxq,Aqnxt9skpDAQYi4kpA5Txf332USn6AqybdEjSFSCsFTv,564090.394170413,0.06
6umAdVdWbDv9CyzgpxMM6NAqR22pve5X2sXTXR9qx8zF,tBN9SDTuivvKUU7PZzVfRPdC6sUv3ZcKFBNu872gcoP,521280.454344883,0.06
45umWiCQwEkvuqWJbUet1axkKQWnycGXFncqDTKjGj7m,G6QBBQN1pz3GcJxgaU7ajEHTBX2PHpeojdgMXHfz46sW,511412.431501506,0.06
4XHYBY6jpfRBL6FjZzpBiuTQbupju38L4MsuQZRzVkV5,GMSQs9zMwpeCibo12X2BTSvG7vYakUcoKxawWEemRZVd,493826.028071268,0.05
BJK1YcZz5HkZMMgx2cRH7rMTsqdAGRqVSSxBz9DXdutb,CBWBHLCRsyDWnHKtB6erQh69mqS7gc2Zh78Z9BSK4Wd7,492456.38035702,0.05
bx2HnmCoiUpYuyAn88tmZMC5FksfuZnXXbME161MxrK,BDfyPsYTfSmCemf8xKBdiBeELgTjVa8is5A2a23PqwEi,485222.787907594,0.05
DU8W6ritu6LuDm6DFkVtrtVyW8KEruMhHagvjxg4DRys,axr5uTGVKcX2cXYcqR3hz2xp25DZiVhJdNmEnYnaxw3,462496.920207291,0.05
8ggmNcYeTjvcwfLSvXw84AJvMz9wP84Y8U3PsQ9RwJvA,AuB3PjwKR8jZjn6ydkUgV4uGJRYvE6YmLk1aqGfmotRJ,446916.237129167,0.05
qWMFUtya5XVgRxbERuEwUktAa2HzppaitSDY9KdEvPb,HKH7wPWEGQE6ucG9DvvzjhMkMn9NLw3AfSHGub5SryNM,422102.604515074,0.05
AzB1Tv4yhzxUZZmC8MpwfufQXKvX9eTzXro9AgpD5pEx,SsRArARJaFnhV8Jzj57vPDYRsZz7dbMDkqbRJySzPxU,375908.555541985,0.04
Bx2dKFhsmbzMuY49PjDt7LD9QtN98BqkATxDgrz9QvoF,Cp18WdJRKKo29PFpRy3pnKa48zE7JN5jPXGsptz7BJ8r,374609.829497391,0.04
AYpWLdSE5YfCc8gKFa8ixdo2p83tubhFNiBk3whJ8LBx,26kuvEppje2rQp6x8TBVNBdv1aNqYBs48i5kzGjYiSuX,361946.893207116,0.04
7NTGyxeCgGeW3xhS8kCgBrWRgVfMzRk4D5e1J2WFtiyp,AKwQjRAyRGpH8EANHwUNMZgiz3J4dU17vQyprVts7ivG,358150.499039127,0.04
5A9QySP7yu6cENXHoZi8vZtnbJBvMow187zr6vQFXGhF,29VGAdqijXsLGJgPFHpTZrhcabxPURkpwdtvd1rwbj2d,352726.988958213,0.04
2q6MxAsgFNsopARzxGmEe9TcS2XB5FL7ExV52WtpqXcQ,4ho1GkfJjge3vxwC7d4UF85iLPmCmpwUdrbk9mzLrqg1,349946.599793887,0.04
6sfYQUdG5aLMxgquegXTFREc2HEtu2NLJceVpBWX4ehd,JBCvWF9VFRKdbqwPz7ms4QnfVXjecZ1zuhz6i7f5jrCv,348090.687260607,0.04
3UXc9ADYwsVf5pNTWhm4JK4zgSKRNHAWXmMDBfVS3hPy,7Ycb9LVc5V3KgySbsvjUZzcCHFVFygcmTnx2u6PQ796T,346695.580818494,0.04
7XaYswEFPUtMUDhPuDdBXF9zT8mz23PzVygXdaBLosQQ,6tZDik3CLf9oSWHbNLxEKjwK6EjCrcnbSUQsRWH6gnAC,345936.306565053,0.04
vN3iFtXYDVB2CAfqCAqgZ9YP2eGAMoLDrCK1LRv6K29,6Tq1sARRf3T57oAvzAg6ZX3CaEXdrwLst3b1RZVLixC,345722.892386054,0.04
5VDo6tjJWT244fDDm43bzHqoVgen8kQZpYJMPocPKKfH,5dYvPbRHrubpAvqCqJPXQkEHq7BM3QBbrSbz9pkVavw6,321555.023001615,0.03
8BKBFagZh4XYayj1kMr5x8VZEELvZcidm7VjgkTHBv3n,AaL8FXiTo885YTEdxvNfz8tMMJeff6mU3vn13HFbMViw,290522.788185406,0.03
Hs9Ve3duHiTQEHUxbCLLVz16ypmTgqoFrGFFheLrs2YW,C6uUBQfHS46hoRFtvdR935BVXmQUSMp3tbsEShR5usjj,288912.811519188,0.03
7sKBcFaivBDAEcxxwCtoQH6KDwB9B9h7tLwoipAaGegC,835NowS3fWc2c9G1SJ8RgrfaWUpsJyQtvyVUwFDDZe9y,281592.834229814,0.03
5BefXh93pfQNfbuvk3Qc5dBxbarDajxPPbuRKtnPhESc,5gNyLC1qKH8aCp7CSV3wnR99Gt84jQpBBVDGTrUKniXn,273404.162526473,0.03
4ViM7bxSqFUUWdtDuprAaFj8TD2QwZsYKqn3LJTXj1Si,3gmPH6A4qtY2DgqiVw4Vq9yPBAp1kbWQ3mQCME1i5gsR,269575.989798046,0.03
8Bk18DSmFX2m7gauc6zYdUtKrP8mXFR6oEu5zNGqgyfw,HjuBBXbxU1ocjPTZn2XSngwuweJKtwZtDGCvbhFZijLg,266013.685819369,0.03
D4HCnYBCgkwYt4zvC5MLmKK3VEd6evuQQgFBHbhyPwBc,AJKe53bGfUn2TPqfLpGxPPoGqhpLZe3BBvEkwuZ7UjeU,264785.493484561,0.03
4EmLwbH8Q7AJLw8GvdrjA2EDjv3E3AWCqGkgynVKpVJ8,3UYmVSpKhXZm8D9d6ErxkCYAagc9Q9QVHEcqq8PNDHia,236765.72747161,0.03
BkjSumKWjmGEZXEpL4A3MynuivGriokc2GpXbR6MdJyV,B8f6ijxChbVsJGL8713izeWxizvyYRPxFcp32gei1cDj,234234.934381339,0.03
GJ8KPaaC8brPFVLL2mcnLaCFtHjfkWHRvgDnJv4zBmzF,H2d5ZT5vXeWmeyL2zKsDv9KNikysdBCyaSmLbinrKMwo,234147.705244256,0.03
92QpZsmaKLFC62dwBCDbojEY8Q27NVxU96jwzRREtork,4sV3gTksys2QGGWotHj7wWbVpxkfuT6trETUUNeapdTC,231182.169128706,0.03
f1yQDDJd9Eq6MGbC5PECqLW6srTG4wYz9g7mH1GEhsb,43o7kXCEdxVwo2hEEvdRNb1sDZU731VV9NVZf9VVhed4,230266.906633479,0.03
GdHotwT73smJZbtL4hgx72qXjjRtXALcUVQ6Jvbw14qg,FLWrppUdpbmzpWYEtLEAUBhd5uTmvyRUQxVMhxaoPVh5,229524.234759474,0.02
12NZhrj5FRoqXKM2rSdiN3MF78AbeYckiR9FJ6wQcZcR,F4siYku3qMkJGo1HX1Z1UVBgxSFyEdoj1c7PEBD3qc6Z,225000,0.02
9GVrMeKSrY591zn7CvdfJdWCn3P4ShSmENgNs8hSkqgf,HZP9D4WyjYgQ7zzS32X5enjeY18RiGtE7HNNyqQCRE42,221930.075269958,0.02
Cr9RBGeLPGgjLUzMSk13u5BZ5BTNe1YjqfCMZxUkEGMT,CLyFPuBZvh8WYT2prjQc5qbRWZkm1qWVEja7FpDo6yNr,221720.652533485,0.02
D9GYt4W7VvteKCSvTgyjzuiBJyTy94Kmr6YiC9fbxGjW,Cskes5L18TLkk6GuwdkcJyJRkRqymj2WV1zE5e58WBw9,207286.159107241,0.02
7udUEDAQH9xhmeFeVFAyP1GXDUJ2HP5WPvjEJwEoGzku,DewQoEhR4qvhfQJwvseeqCetVoEw4H1PLtogn1vdbswu,188051.100482251,0.02
HV22AqDGYL3GWRkLZFUbuDmypWi2Fs1grxGesxMKQYVX,BDAsK4v1eszBXG2e3JwNMXghhj9oCdjKnKect9K33jqi,176225.125974139,0.02
3v6Ypsk7gqJrBsfjGJFSnWezk2HDAkUx9WZQcD5JQyEp,3E4hwQvCogikWCPMkVe7tFc6xXCqLSd5FFBxdw9fpnGi,173585.822768205,0.02
Ebwe1HUBGsnC6MUbjK8fX5Giks7Jgo5Zv8zDtQjodfFM,4YVNUmbNioAAJAm3UeEpuhjCpvYbrHuAtHYCr6371BCM,172946.654407174,0.02
994uLhnYNDHDZk8WYMyj4qte4J5JGdZxUA1Gohj5J7V6,7bas4yXeCXKz6ZQ5DDJPqn7HwERNWtyE7p1Lph8ct5gd,170405.839508682,0.02
8UXNM7XaTRdkVxTdWVCNdfermzQBjKcZf1h3xRKaVHMe,HiA3EDZg6PPCdDoaMEUg2TQrDyKJqNZUpjj11n5VofL7,168407.403495776,0.02
G2zZtc4g8F3rUhaq9NimGSwav4BF6jCp2WHoxnCzHbq1,Hg6LZZmEBc83s8R3uiPsceD4VQgF7bnCuKygRJ5Ex5TK,166998.884561573,0.02
53rPfREmAsCgZGNKxaFggJpWAvwKwuHTJc7LQeJUHbFe,5VZurzMLitHdLiiGf6iBYhW3CspbnRx5DmuChYYqm292,164510.589029856,0.02
9KhfYWgcQU3EMbMaiRmvqDA77uDxhCFqzgQGJBU2wqGB,ECC2hbMh1ZQb2sFVMMe2ceBGM7GYEH6bPm3DMQYQjNK6,162413.482365692,0.02
qkd7syUaZu7XKeLcQQZkzH53y5rPm1fjcZKHiaVockx,GypzCGUg2fEBsQqyEf1UKSw2kfkeCqdLM8Ci6XrsUrzL,157231.663826756,0.02
45ruCyfdRkWpRNGEqWzjCiXRHkZs8WXCLQ67Pnpye7Hp,FfseArhWcnVDZJhoczBPCo9aj7tvD431VHLEsViGhg2J,155588.793134742,0.02
5EQ8wZRYfBy5HtRBwmQFVjqqeyF74RPU7jZfqjVJw9EW,AkeraPN5UVfgtjiq6rTWk3FuKms5rLY7cmzwCAcsHtpe,150000,0.02
HhQQLr8RM2WmBT3nF2J9Gr8biW14xE9aWVMKc5H2FC5w,FuUYVNGiQLxmitXdj3qWHTQqSizgBeGqrC49GKNsKUni,140930.40483201,0.02
3dRF3UvGwpSCuzQ3EQS5XeNcuBq7UQFEicynJRAFiCja,7MEcr3zo3TbF48EHeL8Fex5attvVUgQ8H437YZhtZ4PY,135946.979387027,0.01
8KTCb6g8FxrGwXrXdorcYs4gTfMZHmZvzLTzYLT22cK4,A8jkXRN5BEXUvWVx8cQejfHkZt6aDVHhZnYjTfYVUgVp,134866.288836915,0.01
rFU4jojcNxn8ow9x5Z363wagLvuJfMjHpmkXSBjTPz8,C9S4qnGJmYD5wNeUYmmFZzKtNSaU6Pw9f9h7SXZKhuN7,132011.628421482,0.01
EzF6vEtuSrrxXTK3dETUCdFiMYsbax8mCayPfAtpobi2,DcFr5XZf9ZpzoJ4RraZp9FF16GPwzMp8LYvBz1dTqhxq,131316.744713556,0.01
5RQ2LTsXkL6i312qAcCTH7UZNmNzYaNYsCZ7716vUVwh,ACwaA3YsHBjgiLR5bPC1AZDybGHAeCk49RdmZ9hSWUa9,129997.345447737,0.01
E8E7NUQeuvmXpN6f8wcXLPj2WemJMXgM2HA2EhwVmMSW,CTLSwhnh7DGxePePXtXkvY7QSqixhgAeJoRN6WmXDyXs,126885.6203172,0.01
HLnpSz9h2S4hiLQ43rnSD9XkcUThA7B8hQMKmDaiTLcC,9vxrs8nethwp5h6JLuphCfA4q8cbPDwxpA3jT3S3K5Ch,123002.826478409,0.01
HsCRFS1wpNcwzkgvzGBzT6mjKK2xgqYzt7hkaf4V8jMr,G96ZuDkwCvC4Yj6xwgP8XTjD6ppSCP9znyGdHA8eJ1S7,122596.530977561,0.01
AkUFFY4CFxEmPhHrtZf897cnSptTAqQxWdiPstD73Jxz,ANKaWCiBHZVGj3bvdvq2QGEFH1cVAu31gA9PsAMxiPQ8,120163.319464241,0.01
BDRG4rDMpp4E59L1CcnVekR9tq5eaywhXmWwKAgVAbrg,MWceVFq2biCcWHzfLzQyZj9dYuS8KpLtAyyuPw9p8WY,120063.371630204,0.01
6w9cJ6o2jbQSU5Vs37EDnpgB3iwY5Keqqk93u7T2EWw,36QrLpoHxj4VhXEQmvWHkKJ4wQ5DnTuRoVJiKNx5six1,115580.687409413,0.01
DtgFXHt2c8EzirAGyXyD8516rTgZaAmGCq58AgXLEcwY,DMazoHKkWA29qSgw2SGe4ofFgV9PmzViWsJR41EWuN9F,113772.36389618,0.01
3wYobpZz7Gb9z7pq68UDaTGop2gxD5Dwnhx7sa9AXrVM,F6Tm7JdQUyikNrWPuxepTquqXkZxonuBLfqizZUHTS9s,105091.235520883,0.01
2jrLqfqniZG78dgdPrZK2dxEAjsF7wTXwQK7ithjDrA9,Fo8a3aWUsMsF6KaJ7Ruv8j9YwteKCJKaWu2yrQM5YAKw,102058.515283695,0.01
GHjM7cwEMx6xQWDUs3Xemp2J6EhpJCXaTb6WQRXB1mR3,99JF5asRqPYDMEqxMxT8HGzoZhhdDj8xiaTJ9cUbRvmb,101468.806276112,0.01
3hCm4gfode2Vo36h2n2zDvcjeGKzfSZtDjHaQxacvDDQ,9LAPkudvWxzsHFYmErhAAnCycad8DvHrSVKrLe9fxScb,100000,0.01
CModDkVJFL16g5hWHAxXYwxm5erDCWo2FxrkGBX8iYjd,EJ3CLxc8feEDxFBETZKBvZAaMP1VGN6MEHwq9L9oLBiR,100000,0.01
498u5ux3aV27ms3V2oiRv5n5gmhrXTtBu6ncnf4LfyvT,8sfgZvmBivZpfwkPHkiLaL98zTopugFR5wFVxFyG4LTw,98705.563634622,0.01
CVW2z8norrhsA1ktVnGR5to5faSFsJdFRiQwLr4Bj2v1,Cerw6TZoFR2gDLsQtzsDA1VBn2p8cPSiLm915w5YUxjG,95777.882851493,0.01
9h7PHpXsaDY1fnechuKWK4jFeYcZaezBdsD2ajB9LL5b,CGHrMcnWBqqFcGAz6DTk2P5Wwjt3yMq9nQdHBYyY7Aog,94781.956259782,0.01
EL8hMwL7BdynAmDRrDxBMZQRikYVrDHWHj5NxaPoWnpf,7WsnLNo57CNjsa8p5HERM1fsEMavGJkSMFDJ8xfhj1uM,91477.576711964,0.01
B7paX74fw3vPyjgbm87rf6M9GbfzPKhs2WAwWf1XxpVg,E1LJhC3x7TZjvyN91wwNkZUdcT644SvAqFSStTKVKiYg,90786.764392645,0.01
7J48GsYPbx6DfoW9gjawKsvVvZASvcmY8nS3hsBWWRQV,CC9X22h7mmaSnenJf1QWUszrCy6zFd5Q8PqH7eXy1Mzf,89820.868231881,0.01
3aJxSbHwiYSrKKiPGa1aqe9BD9CBaF97WGhtnnsRedfg,GeqDftKyw3YeV87BzSMce6s5CGfPGYNwqHitAh3Ra45K,88858.12829751,0.01
9cRfztkWR3TKoDTMbnxYzkMif5hogxFhg8Hsoqw14ZSw,7T4RPZpkkfBtpfgoaSJfRvneurJjQKdZEj8syMYKoMBy,87359.77355426,0.01
95Rk4qxCJ7RBKLYGtYqCngkqw8X7n2QZYfdXaioyvQvX,Fn6Zai8Y6VxTXQ8yt2RDdtihBA3oN5ihvFVJ8YkBCWyV,86096.087996592,0.01
Bh1uPKcpwYQpF8CPuxRr8KKsGKWXxpqjH8cjN3ez4eQK,AykHshkyb616SVcpfz3NBfoxKnCir8aWCyR7FwBF7oLh,81928.650390888,0.01
2jsxnpkyZVeA366mnwwwLKhu8UkzMM2t9JfcHeBoL6jZ,7FLvEUSaGiwiCYjKNUfT7MuoXAMjMciZSHcTtcLijhst,78388.832776171,0.01
Hp7XXgE3LrWc6vix1SvJHf2tu2mwaFAX5ZfzDuYj4ab5,TgzuAkCqpfN5ZpzDr3J4MLe6Vk5YcbrG6FfZMt23SmK,76861.17969704,0.01
FBYmU5XbRgX2DV2i2SpPPpHpXmf6mdZS98wQChmUyMba,8TtdCTrbfBm1iEfuW3ZyRppoxcsy6f25PV8zZhRhQ8dm,76288.181979947,0.01
As6D2B8kWJ7g259rcFo1DEXJ1sJwbP53kYAWRoEh5npj,2XZSgCXmrMA5YSinPsybMnT5ym1NPjQDMaM415MGFo2k,76287.774801231,0.01
8DKez9T8xQXZcojbbrP5iHUCTBPsXXkWmro3kRSDbBtd,9PB4EGrQW6ftLDv2PwMtFrBSgUDRNzHEkQy4i1kXJ9th,74840.964330399,0.01
EYNx8gomHTLMfbQ9F4cEvUq2ZExoNpK35PkVf7xkzGw7,9v1rmEaCW3JTRdLmsNN2LfdiuNcCdK9Sp8vfZh37L65h,74275.34163304,0.01
J3vicGyrS1oiHZy47m65FruhaSVwqJio3Sxm7qw4JCQZ,8QTXwrdKuLdnYN56G78KjmtH8rB6pu824efSGG3oeaKw,73180.423371132,0.01
6ykZtTBhMmHX36tawGftsDjDLj2xAY9X62fE7skCuYz7,Bv3efu6zbonFQCGK5GAp6HRmAf8L99C8ox32HAo1WRTe,71515.506044634,0.01
3vuwMSDfuZ8x729pCWjg2q6BZc86cUSfipuX8Jd9y7Fr,6CxAcTmP1AFpcPQujPQp5FMSpG12caqqHnkQEDb3GZuS,70510.5940497,0.01
BxZGE6dqqT2UQYfB8qy7oFmjkoHkJgkFxayvsrXyj1kw,DJFRt3ZA1SQ8AAJCG5ueDAaS2Wu9ChB33RjzBwb2t9E9,69034.631796457,0.01
8nUWwBbypLXVzXdqB3DkErgg5Kd6twfwkqZj8Js7YseK,5LAg1sMXn1aTNqLz89FHiDvqgnfBERDe24AG2WLgpNtN,68067.269194447,0.01
xBJpi7DERSamqVjYprFdhdCH6vzrUG22avM9TtEhxnH,HzXhr67qz8Mo72s2iYRDmBYD7GadQJW26wVWs8c3P96h,67343.523477925,0.01
AevBmnEoStENN4idgXduwvfFD1tY98goajw2kueN26c9,Sxg8WzbHRYAuPYy8tUBuaNnm3BgdcKKbMECC7TQvf2R,63594.256864425,0.01
FqVJudrmdeZWRSRPE68bvLC8hch2HoTbquYGEpxKLgAA,5jU1VNELqfCuyHNPzVhSetsDXuaomyAWKxFFCtTSn6gv,62781.751617372,0.01
5drNkEWVb7EPJb2n32pZYUSoyU7susbCgzzfcZJgmE6h,2rL3L7eiueSxyTkLtUCaaUMPhUQakQqc97PGxSomPSUG,60773.882275469,0.01
9c1iVvb2oMkNTapQHg27tyxWHYtwjwvF7XuSH6Hq9NPg,13wpbCpbHDYeKjk8ZoD7dMtiALwt7ZNKsmqCfgMMb81J,57932.928927851,0.01
2vD1H2VwcZv11iFi83oPo6v4dCHXQ3xKTdLwgFGzPZ6B,Gy9DfiVSKmyHUYpGZUwAbrnpWGdGjyZbWpbwbdHSQLWu,57690,0.01
HprjwQpwWr66r1WABu7upMwYFtAahCEj5NhSLfMKGpkB,Hbndg8UnxjqvsbAiC9BVKhLxzyt8iJ2qQJW4J461fXMU,56581.850576261,0.01
Sgw8HD9PDkchCrBFap4TQ4mxUPuFZ8HPeT6i6bJ5cyT,7dXFVk1N3V2a8pRywkSe3KkWd3jkGfgKA6zG8cpggQvY,56562.447768788,0.01
5SVMyPFbkTRtTyaGfw2ttHufbw57UHikyRdqbdRdFVnn,6ownxU6A7dZJaBksqcxCjLvtfpk668eJArxct48Us56E,55689.520210706,0.01
4vyMJAqWRci5ue8X6Gq6aeM3xBfPcvDhWR7HQ2NH7v4f,HQB7TrxLxrzMiThFydrqt1TmdmLrfWhbnruWFvfBSVLT,54656.047330859,0.01
EbpWDkpT7cYS8Qfjzd3UVVkE2trboscvf2HkPBBhb1ii,3kyFxLWFcz2T8fpqWR5AqvfPJLP3GvtewaWFX8WquyLo,54555.244714851,0.01
Ckgsm6FLtatoHp7etvyybLNr53WuGoi2ZPUMHnCS8Pky,AwherR1A5GWGJgCn17iuatjKQqXnCEcdnDuc4Q4bfAkx,54112.843347153,0.01
AvsP66DryRKneToirJQAGBvkb36FgxsjNn87nEPiaSZE,5y44YtCtnt7JsjzotoHPjE91bLcCwsiWuqjg9uDQpUso,53371.166695309,0.01
HK1grL4f5x5igKq7geBGhB79CDai9CZp9vMhLtJBsdv6,CkayqJWimfAUgMb6814jeum1JSqCrzStvGNNYoZJfSSh,53301.608893809,0.01
NYzcDLm7U6MQDzRHgdMw38Kcc1BS1CBc2CFsrUzrCgR,Cm5GQn6u8DWirSyCk8ttsMvMzZjGbkQ4nox2osgFdGJi,51072.097966458,0.01
DCUCYGicGgPb5kN9ichq1SfJFPMmdaEuYCkNbd3CPeZF,2sPQ9YqSEMSgKMUMM6fCrwhuwKWR5ueyoyrkdgMdGJN3,49871.619404541,0.01
5ZEfBYYkrNTQF8RQdJ2jymFqMnoob8yJsbv7QVBMYvgG,EFKYqL9sqJkAW4tRQBJnVF7yqqUN9uE1VGomiYB6f758,49388.580316584,0.01
Hd9dJVDsSVWTUdrdjDCgy93maNHGxnRGzfHTJS7Bhr2q,2a4tpVH3oMErZBoZZPoz97RT3mHDwQ3pBLrV7GA2uXfG,49040.853985933,0.01
4D91M29GFDLyVgGUUPk1KUCXiuz7vFYkct5LHFpBiQU1,9gD9UctaKJyS5iQhqCoMCRij7NRUrzN28UZx16K71Wjt,48583.441075481,0.01
D5J5X4ddhX755Viq4AHwmjo2swhxZdQU3xGSmjxyrTFr,EWYDEvayvRRsMSZNFRcd3yv5zgewqDd43YkmeX2ZS4fN,47687.778309523,0.01
7jLgZGMUqpUsvyg5PuysepXahKhpS2BAkqC8ajPrZqUC,E6inVCFg3CTtL3ZvgAwDi1R3utm2GY3G6B1ZyE9VDMq,45426.228720746,0.00
CMJK6M6bV6hcWY6tbamytdr5m6fibJJjyX7acpxXzoyz,Cqyvejj23Ey9AC4LDu9nrTSYdUVz9vFmRJoRPXtamY8y,43579.48165635,0.00
FL4XcpvzL9AyTMtvqN3wafAygq3Dr2cUyXvicyjDBUkq,96u784p3Ycg8ySXsrpafCCKYpNQ1KcPj5gLpwqrZpyNU,42960.41785725,0.00
EG3k3PQrvGNR6zw3kke7zLXxkSBFMminZGac4DeeaVho,8NYYdDY3sML4pdxDCNeK7dKyReFjq4BwPTgqRfgyip2z,42816.167724996,0.00
ARA3EPryX36EcZr8vyHcTqTCTGsh2YvQCZBJ43bzHFav,3QAL1haR7wu215L2mich6Mr9tESjugrZNUGRzqVWTMu2,42155.458209497,0.00
Ht63fVainvNU24oNVNpMkgJGyJV3fFCLe6BZtwpPE7sW,FQqR9j8CYyYcN6dH1syZAupX6jW2ijhwahACfkaARxGU,41157.757746009,0.00
RDAvudNF4d65JojHerjr5wM14dvCLe67dg9Sj72zk2V,i8jDS79mimeuJE5uqkdGMLz7DHatbaVci3Y8qrXvvg6,39968.402812626,0.00
Ge2adNtKPDNZt2tY8RmPSDUdsAcxsrbipCw8nWGNEki3,D4SiZXUSX8suAayeNqANP4rbsFUsb2q9bgvfycoW5BpB,38551.252589787,0.00
2j1gZZz8z5T3pfhdtCEK7oiVTuHwtBAYbuHDDffYwHSJ,5si9qTvRs8xAjUdwKcXngxo44ChQxdVZokn6VNeygcQn,38517.615186506,0.00
FyiqewCdPouf3LYTGbWW5kii9teiGc9ZhMYAqwPh4bnh,Cyq37CakrAc78QwJuGuPR5VT2ujkMR7bx3ZufsPCwHAt,34685.001193409,0.00
Cpdp2557RyvcZ46DsZ9y3BwjfDc2CJC9tFMkBQwMmb98,3ASyxpS5VGJtRiwhkHXps3vXLz1eDr6iTf6UFnksgVEY,34245.435275151,0.00
4f4duc2j5JKfhW5ecZUcA6Dp5kdhU4rzqKmpAMSfLdTs,FAG4uWWPHRhCbZPDtcdUVTcXpz6coHh7y7JmkMDbxkKS,31859.999013741,0.00
AYfj96FfsRnTpekaB7tz86KgyVDCfL2NzFpu1g6oRuB5,KZu7QpMTjaa6iUh1cxBppWKWKsMKvkniqE8SQJeABtC,31344.0884386,0.00
BEochrdGhm5pcKVF73DURYrGo1DLzxq6bBcUBphQR64d,J4DwxCohYWgvKqF6EuayFBbZH83bh2qU5poxz5fbumoN,30474.388297334,0.00
FoVHArFsfdtcAMcLqXJRiXhN8HKECu2wtSaVPmx2nJvr,7tEGnst3Spj8A7rgtAurQsm3WuS3wNTzeB2XrQ2aTmWx,29070.280114946,0.00
BthWUNhRB11L7Cgi7c9x8VjBxmQfGgsp8W5YYRXjXUTa,Dr3QtZrUtim91X9uhF8afUSsmBZwAGThpxRZYdsCgS3m,28981.490487963,0.00
9LjkQZtzUkmADaQS6Ztpg9SLcGD42ZnoojnULFtu35Ur,9aPbf26emEDnoYKanWRzGLwxyrcSsgzQDjWbmPBRxesV,28950.528288374,0.00
5U6TaoLZVfdfJPXD5eKsXtJEuQK9xeSUMDS3XBdozAs9,GY3p187fKoQmhygnnNhSfedTmpfhKjjkTGRTzPwaJn3N,28096.531352492,0.00
Htbsz37uPv2iKrsefv3Hz7nZajEHMHK5onLodfYiLD8s,CkZdkhUaicbYCAwa6Y8UN7Zr1PSa7AHC4b9oTw7on6YV,26923.484467576,0.00
SdXvxXsELaAGanVEK2XQD4H2EAxGzmwDTTk2fjuXVke,6K2y57cXbr5WDMsFQAqYMZaj4CVLD5aHzDuusn6Q3dSq,26308.908554239,0.00
AifMZcM2Cwcsx5a9GL817fbPeXf2ZRuQrXecahUDsPmX,DEmbCLxd2hz36joX2i3eh5SvA3EabikUMbfg7CHtTY7w,26143.858278013,0.00
6iSkEwJqbwL6NF6MtSicBQ1LDJ8KqVuLXehCTN5FVfuj,HmQ51vLqWQZt5EyCis6uSU5NeqVJ39to1Se2ZoiTELLE,26137.33690639,0.00
7SZurAWTTTGTXmoKfp9E5DJH73UujeUJMNG8rDby3UfA,H3ZZf2maKxRVh2f3GUtLTQB65T8ucWBeZxVbBtJ7uyTp,25554.903360484,0.00
CoDYpUXmnFQac6uYdMHnZH4PhPHxQBDpWYXpWP8qJjpg,BN9NaRxDQznLgCxobdrkCTStLZ5vrjhB5mG5RW7aGtyX,25408.529351952,0.00
C3vRD8DX5MuuLiUrvwdsGM8qC6WDmu4XnykoEMyVK4a1,81XhnVuH9PoWDdaerfcqa6VsqU61CaMjco2edueaETr4,25127.640162854,0.00
HyoaeugLZvb1JcVGxRLkYHFwupsmwUeVT6SzatwSJJ8D,JBjKm2EFebabdXif5BxrYHJeSJvEs2gytjUAyWxrUs7x,24872.596727323,0.00
2dVQTSD22L23kgmrscUGeFjXYbRrzeoBeMeZmDDVhQub,AKPy8WRvaomFB1cyhXjzmLv6JwxrB7rZV6qEhh6BAPW9,24734.155505288,0.00
3dBZqYRCNRqYnsvirjnNdRh7GDBGcCkSAGcYxuejycqn,DyQKQ21eZ47apbe8VyHDqr1jpueyQf733DHYuJCF826d,24719.802521901,0.00
HZAQ6V45Ng936jWzGL8WeXEcpoE3htwh3xJgciQqdEkV,CzWW9j5S9KfNzmu4PuKd6r53XijdQ3Sz8UDvqKoUatQ,24105.673366391,0.00
Ahb8H3Nvrd2Vdafv3KhGcwSiSy9r1YYTVBdhzN72wu36,CP6oSYVeuPu98ZNBTYLZ1cq684gU1KXgb9cdaba4Sziw,24066.221828162,0.00
3xmeuhn4n9sv77ySy4YzJPk1Rh8usgzhngVJ34M3sCXR,8EjpmzrBgJPoRv8nJGqatJc48i5N3FQDyNzrETYwssyB,23944.209785574,0.00
25Ls3kGLj3o8QjTtJXrUo5XsdmCZuHUUpYe8J44pDxKd,2jL3akAtzm7cvQWq2MQayNsgysNPzjfd66FBaTcJUQ92,23476.005104111,0.00
tvNwJngnHVwaJGDrKSxgfc3tFNDRk9jkGxkfwfxY9ZR,7bfGhcSZJBMMPhAKr2sB1aYD1zkoHmvSbcBtHKoxC1cw,22829.687664896,0.00
5EeoGvGLTXudC5YVm4sErUuKE4tvKytu7CN3PBEFQqyX,73oXhmje81kt83KLitftoHP6FRsrxN6veztUNxrtjzvL,22702.725948725,0.00
8hgB6EoCPokXjpCWN7TK3EqqkNNVWX8ME2MU9iSTPgTf,DJ2a9JNpuVSKhY7AJ9a8WV8cK6XZqTTe4dErbviGLexL,21959.489149718,0.00
2tmMJJSPBkGdTwxn4sHFSrEqMJ1v3bNW3zVSo1uF1RPN,F1SvFdChtZoQvEV4bfpiTVTSfo7guZBaZi332MaB1vMG,21758.112439321,0.00
9obeQcaeTedfJ1aD9xPGHbRbGsUJ8ULNkgHGp1ksfhKF,HvGvf9d8ypR42iHTJDXw4k16yjUbjGz1oEibqzMQEG8q,20817.14399431,0.00
GP8StUXNYSZjPikyRsvkTbvRV1GBxMErb59cpeCJnDf1,5JPYYSWS3V21obxQN9RzvAB1CFsuvxJRkMKtfrAo3ayh,20786.329958671,0.00
rTrWk7qGUxFXLQ7aG2r5nz7KCE6mtPGzfAQMAo8jfCi,GN9XruGTe4ovQTbPPLMUYofbjYE58Psid7JUPwLdTt38,19636.81179636,0.00
64Fp9mrmFNZCfkc3Y9s6kjbHvQsrm152xUYVxLGFt26e,CUxPDt8SEBmEKzc3jwo9S3znsyWhFAYRFJXYW43MuxuE,19012.070583761,0.00
45ruCyfdRkWpRNGEqWzjCiXRHkZs8WXCLQ67Pnpye7Hp,B3HDFw22LHFjk2iUCHrMmtq7SccRs5ma7KwqQZcbCsML,18803.053301944,0.00
4pppP6WCPhryWC3kNpLzEoDySCVEXGvzwcfDxSaMkD3X,FWjYUWbRMADrZpRLHMjEsanHKSwi2H22Byh2McoyDaNb,17406.142137005,0.00
2n78N5bVw1YAEB7mi4ohQ3By8ghx3HuaZTcSW4HLgZRs,8kit3b8Up4gFAhKn7Fh46LyG6cyTtYQgmykRQweBvVi3,17332.049568481,0.00
5rTx6GgQM9xS9HmSNbtbrBtWGMwddhyNmiYr926urp3i,8qPg5uohYUYfaTTyMC2ZRfjiGamErSKd6XGo4wcJVPfm,16409.396069017,0.00
H579xhEKL2ttbhbuntj6fgn3Um84x6pGrm4YMu1FVLZ5,42qYp61kvrbZEGreypdQciRQoH2uEUGR8JPdCyggXw9k,16236.815617966,0.00
FvfC75cGZ12cgUae76M8YrKvnBQBVidPAuB7NnV8QPHo,4RxZ2bgwVUpGskL3S4JNKk55yMHD7JTE5kgEPvAY3g4J,16116.534646982,0.00
C4m7Gb31eMqEispjchQK9zbxpLyCJe4nU8PKppZ6hpfa,2VKqinm7QC8hFPqgGJfnqjHr2aQRm1qfuSUgZmJRZhCb,16007.575553018,0.00
97j8rNHHG63rxUPp5pfrkPEooQazyWmPvoTJ8NYC2Zad,FGuaGCnrKSWfnUTZuLGov6pT4saEKZZHyaS92ZebB89Y,15882.033345831,0.00
HRzNbWAhhzvNV5aZHEUSnypSimWRcyBcDUUFYbPfixz7,FfnQfqSnMEFpw92g6oKqTGzqe6DK5Adgnf7vau4dCGZV,15568.933667105,0.00
9RQPaNjSq9mynoonwpL3F2TWNjP1eamMsHd4i24mpNWM,29Uht35HwaKvP4FQSwjw4P6RTcNUL7TQrUwjhymD2evd,15512.047557496,0.00
sce16LyrFT5t1YELbhoJTWbnfqWrpsgT3fvfHWaof6J,AioHJ5ofxwJ2PRAmJwSKfDNrekKt9S91BfiXzC7VrHzJ,14935.051706043,0.00
6go7QLtds3h4nk3vR7xFLUHrU76zNGZ2gv6V7gdAJdB8,GA5xrx87kog1R4Nzap89CpBGA6ue3epUPnk6sZSCqb7z,14686.303295692,0.00
G3kXTNCJtWsakaajxrUZkFWuH8t519Y4kiSXckeskncS,8vbNCXq5oixL8WbRnJSqVJG6aan4xNDSw1iYkTSduFaA,14539.160770621,0.00
BE5Zo4CYjahpL3kCtvtmsjJa77D7XfHhYusJXqcEg27H,9MDAEMfraj1CMaosspDj7kndu6dWY9kdbdRfKZ2vMmo1,14418.357428214,0.00
2Q3brPFR7h6rXzqUBk8Txi6TZCFoCCEBzj78prpGVWw7,HwkF7PMbSj3HFpCf2XDGZECqmr8SJvfdmLUYBMdijmPz,14061.146927587,0.00
24a1xgW2zAae38hDAGCB89Vd811EU1M2PJTw4Zs78DNn,BrHnqGqDKdtQiXbKQsCeWjKTVnNcE4u36qBAQLNKY689,13633.44835847,0.00
8AuNf5RSUwcEqfrfxGSyLxFDkpgTg29TxVTFYqc7mCdx,CXZLUxKBxQBDBPLgmc1JpvrbDtCJm64A5fk1J1ieA5NT,13333.018131435,0.00
4cx3CZGaKGn18ruoCNX7Aw2M5x4uHMwvBYBYSRve4VNN,GXtsqhxQh4VRVqWFoBTGpG6NW5Taj8Q3DJWA5C3JRPU2,12764.438804132,0.00
3G4nPvXK31b89VjWXyRTVCM3nSg5na5WpZL2pg7C1Bqj,3VsXqQRu9vu9ZTKyc35BMKfrmbrsiaX9qNBCEdYQSxgY,12496.120072985,0.00
BQNdxyAuLR5a9XQvgdM1kKhzWP9P4kRMFfNYFBa7pC1Z,3XCospoyoVYSG1RkFNuU6vXjXpkKda72oKSdqn2nkyLJ,12090.757453469,0.00
H3jNyDJ1w9z6Jz6LTsMXkzF1HiNH8bpaSonouWKnQsXK,HQGkGL79P6xQoCUkrbRNbxTHQiGK4bpV4xvWXw4cfjuq,11558.865875109,0.00
8bfAorp4ed9dHU5etr7HryfU7sEgUzgJoHVs8XRmP82M,H9fdGmu53Gv7pcXeYR3L8p61qnbn9DAaDZSQ4kTbUN69,11545.886741854,0.00
AfPy3u6yxgs67WgjbMM3mu6FAVguffHj1NLZPM8hoH5z,sSWoP74JvcGVRpVYdfcCLyitQvMiBkdFfbfJ3kTheKb,11335.060529291,0.00
8Y7k3ro23yGfQq3HGgabvzWsmA1nij57J1LXLs6MYHZB,HvkqzCegdYcxaYY5wa6q8Au7FXsH1KFcb2R3ACk71riu,10447.112428793,0.00
HefotjTXt17Yuf74gvx7tnPs5TqqUyV4JhZCeNmuBX6f,6bRtmTVjGKf99Tr77KfUjLeXMesmYNwmmAjyK5chQPU9,10395.530611592,0.00
2odLPCDuGSMUFdz4G6zFFLGFzaghM4jiF3WSMj7WDnEd,9umGRkr4jcZxLNZWz7oC16vbErqGH78jYx3jEKhYfnca,10058.933409163,0.00
Gig7F53oZD7JcSDxT6v8Umq8xdp2BL6KX2WESgKPALwQ,G93UucuY8jzCcYZPwd6eFuMF1thbZngMSi3ywFKXZjht,9999.999999999,0.00
972iaWmszVbf7Y7t2CpEsDJK9kUJT3CXScgV5MbT8QQf,AEaBVZ8LTB695jBEFUVPknisi4azUqfBNpWGWgbq18Vf,9792.51000404,0.00
HgtvnYNzhEU6ZEcw9D1s1TKqG24TYwdhcNeg5B8kTHUk,7DPdTbZHktZojXNSvjVsrkiHQr6m1XoM9bSWv7bZLiZ8,9274.268640304,0.00
E57czw1wt7yBV5JMhNyFLFNeEMkTQTf4GrN29L8THWqF,7nzTLUvrMqqBwdvMfPLSj7pxEPfocqxmejiw7XvxetVN,9145.112096909,0.00
GzUR8TH9fBZ71JfgSJwrjTky25yxdeAM3zEKmYzaTaPN,76aRpbMiVikRV9X96re39vBW5QXD4EyNj5zWBxfTLMJn,9110.668972445,0.00
Ae37ck9NE8h2xhdNrRg423AacZr6ymwTsWQasbg3scAy,3ParKNu5VcVPeKj1kwoSmwoCe8s5sXtxranqcptscggq,8866.07814082,0.00
ETj68UjdrEdBoRztnKyfcZMojCoAw8T2N2fy75c17snu,BSHjgohwBs5E7xXvBZK41cxzZ94cPvqMwgRvKBNzP9pV,8858.598143308,0.00
Eztcya2LtDh3iBfd5ztoTJeZJsx1apz5sphYpgp8C6p9,DjpcbCvfqayE7pcJ6iiPipV9cWqLbRaprQRCV3Dhn8Hv,8827.179637523,0.00
FaSrELLXWMKda3Za6cEveR38xegrcetu1cH9ugEfsYKt,GQGkxSwojSxDfDmubTJEQbTzfZF3om25DWX6amcftFbU,8436.950578697,0.00
B9qDiw9etqgMt3yAPYnEh9BKqatdoFsusMnqKfUrSY7s,8fUs9WzCGdRLRyfWzB1JmecvWroqDtuXdRDwuMhJTbBq,8222.935639933,0.00
AkTgH1uW6J6j6QHmFNGzZuZwwXaHQsPCpHUriED28tRj,EKkBNtBxujxSmjUU8PCXNqTnu9eD1zxpBnM5S2Lk8UiD,7661.045511686,0.00
3LoAYHuSd7Gh8d7RTFnhvYtiTiefdZ5ByamU42vkzd76,67DTAtFj9NKbbeqmUbrFo717roZasNAP6EZeNxb2rzFC,7602.119513933,0.00
8nZDYq7xyfm4URBMxqcoFMwKXfKbEU39nYY9NJ6Embhc,HGoHxFZmZ5Jw3Ck2WKTL59Q44tMtxwSJ3mTWsnsCizVE,7535.836222775,0.00
8nXm9KA82V12cFW2xR38pqy3NF198Z1SjxFPD3DjKm5X,HcwGEmFAgegiZeZP6VYJFwjBwgnNr8f7y5hv3xVbLTnx,7365.961330843,0.00
Ggp9SGTqAKiJWRXeyEb2gEVdmD6n7fgHD7t4s8DrAqwf,EuLDvkRFsKhF8yQ4LAAc1Yi2g6ZGpXNLhQGmpJKXiRm4,6880.90059438,0.00
829pXnbgZZjCCmFQErdn1cTzTidqo4htU2vFbrF4kNau,ESPHeVqXEeHZ7zBeXoVyPeEvWQqgwLTFBkJPq28ZipRL,6055.527215275,0.00
5j2tRrxBkZ1esUFrhFQjhpZsxVF9mRFWWtpU9MRD442X,3wCrcDrP1GXQF4VWXfH49W3f1t3BNkQntnqgDNyGC9aw,5912.867985763,0.00
7TEbUCZxnwYxshjm4Rz5S8nExzZxHyeFLntWLBHteGmE,uVYffbrDNudqAxGDhKmZNBVQGiooU9FphBwPXLeqXJ1,5869.408570248,0.00
3hFU29RooGjyCsx5PEgCqRguqniAoXn3HcDFq8KYbYpG,AVThzH7rYd26RLHunCovtqYzBFGiaWHSj3VVxkXoGKKc,5864.333712605,0.00
4AUFjnMHpdJDccuM81WGh23F8w4pjxWw8yMPixxbzDpu,FDFQt82Jm7vDbTeffXxFTaWaJgtL4WRFn67HHvdJYDi,5659.223266352,0.00
29Xq26ZjsLjBjMvfo3TTRHBUo3Wx9rRiawr9pJqYjNwz,FDhiPTTMgpbLbihSC1iLbtggL7q7RV83L71dZqha4Z8P,5650.106911203,0.00
2iUjxd5iRBXoGxcRtrMcV7YgJAH5zxUiDBrH4G52imXS,9VYanmcPSPHhSkpPfU2jjoEYt35EkoWT6t647gcxMopa,5417.768083596,0.00
79rqmPdFQRmeTfEdiV3TZQP3HrbdeJtJdWh4agbyQ5RW,215sWHyzT4cQd3h7xeJv8cn4QGPE174osvGwnGZNwRh2,5374.381209321,0.00
EB6f633Hb1pti9GmVFhCGGgNw45zZCoYgK19UeV7wEM7,H6hU8RJarXBzdNgXjKkiRgRRWzjsCQpqEP4qPpfX8CBL,5241.600802781,0.00
AZjGzP7j56VKhoN34GNRrKHKpPvBK3s8JgkH1N5LPk3f,J33gT4rinRUvpL4HtpEFCTPbvBdojW9s8bqsWfvje2PB,5080.935970713,0.00
4NYLVsNL7AA95YXZxULmfbJPsbQpDADwDQJY8CAYr1JJ,DJVUoDh9DMax5hScMHWF9kNsCD9L89VVrJEjmuVRgSFs,5027.747771907,0.00
FGoUf5e4sSQbRrQHiHSrAcsLRfRRpBSvqYjKLzHsUnsw,6ptwr1uEso6SAXuT1tN1TPymsp5cTPrBzZAXBsp7r1YW,4908.88819165,0.00
BYdL6ARnL1UyoXCa9EQNk93RqJzRbYzuhANB62PE8tmL,AGTDXV52rXSfoUma2tDcDVbbakVtgRdG4h64nvHng4Xq,4803.886637042,0.00
8hNo2VVBtX5En8hxGafxqa7Sh8U5ZkD9fH9XXoFNLJn3,4dCD61M5oCJYNRigesGH7bQZUGSyNyYJDT8q3uUsvB1S,4783.539878115,0.00
AkRqwG23af6RE3wicV9bnfmyzLYBLK5bF3D1HH5TF87a,BKrP55Eb65kerX2E6oshrE1Q4TQUkX6iQDbBxwLiyxx5,4773.099038784,0.00
2EVYB3FQVqpg9ggw7xqJs4c4Q1UXD9FXnmCiVL11MXX7,Cv8b7HMmqziYEZFY3Y5g5EQJccP9RxqdNCeNgdGZc3QH,4665.094405216,0.00
FoCGo9BiJLJbM7GpZ3brMCFCJYUq5iTKQh3EaM1zaPwu,59niLyeFmgXS6QoyChE7fxt2KJ51ANSuwhPVJUHja5rr,4578.651785372,0.00
CghaLLPrCZ2zRYBk58BZPP3APhhYiQsk7PChvAWsNZq1,CVt6vB2LWnVajQCNYMA6WScnVda4sYtTEhFHoB2nAphp,4551.163952006,0.00
5iS9qG2u4FNvArEWjqDtrn829gDDeF89cHFa2eDfVAj9,4v9VoFAWXfHpHBhVii2F3nNKEDsGf5Yj8j6ZFGXVvPnS,4278.753578937,0.00
7iWnBRRhBCiNXXPhqiGzvvBkKrvFSWqqmxRyu9VyYBxE,6z1oRgxXheJ2Y7gv3kDGVH4y7Anu5o1gPhr81DwnG33k,4190.710790786,0.00
BZiX9herBm4z7pnoxX3YcWL12MasX2gptNBRaDwB58iu,GdScFmz8fHQyHeL1BBZYzTrkbm18EyZKpLPwpDS5HfS8,4171.448704698,0.00
C24ccr8HDLURQTbrw4t13pFuRB5wqxeYjav66bczLbef,HJxHbHUN78xWuMR7fkwva6UYnvAQZLghzrQ5pgqQA8WD,3897.853344583,0.00
6cUL5UBQUByF1WhrZoWn17m68iwjso7puLz384QkUPRq,AM2pkTcHbi8t2KFbdmmu7QZNbtH8dYV51gTV4WET4Xti,3768.566308029,0.00
45XCEf7E8Xfw2unFa8mVj5UaRGE658cbra1V61LqgBBL,5qpzKWC7urrXsGCn8SmESznLy8fyeiL6qhr4kHE4u3bZ,3728.088013929,0.00
6KBCniRon4hmnYy6TnS1ksSaAT5RibUZavTuLfjk53kB,D1KPHYQj6GoAKh4QdjrQfpD3iiFYCYpdQptzidKnywjH,3635.40429357,0.00
DPARb43LiUDAnEy9xfTHZefGwRJXnSMAJ2FyHL6bqDh6,atuym1Tt75FRUWY1Y6dmA5JrSF4EYhytd9iPa6N4SbD,3453.071446414,0.00
BBe38o1t9SWiYRXZy1Xn8pQPGGDatbkJFeyQAoEsPTB4,2AL21P4nNSNfoiLxsV8S2Jp5NtrAHB4svPwt6QsXXbeG,3337.753177263,0.00
CtbtPzWm6wmrg4mUFgKk4AN2rEQkuqixiPou5oo2SYPG,Gc4zVbgNZjSU67vRHUatizNGNo4kiD6PRQ2JLhNbwj7q,3203.30149873,0.00
wfySoJgAWh7PwMWf6pk8kwEHD4ttP3VEMct83rhWrzv,4QikQLtu8HmLBceWSjwJ9CYzkcaxAdGNd7wxS5ZeQULq,3135.138256001,0.00
CwPAgwd82V9Gj7tnrCWRkTZeRfaSsM1a2QjPovg2Ziy7,ENH7gAGN4jb7sA14x31ULp2fQZfUFzH632vYWPYudFu3,3045.596381465,0.00
APZf9TMMmeF6aocsDiSpcsJb35m3N6WKzDnQbAz5noUk,3EosD9Bo7trm1uWn3dBZNyrd5u2ocFBhj6bszjRzjbHZ,3031.605617404,0.00
As4BcJTztMoCBjPtm65mgRBiEr7M1aDRAqscFZBVshV6,854JFtbb4pnbkGfoHaxDKBZMjtxDECufqCdsYSEY6CLw,2954.301825335,0.00
82d9FKxwp8WWMmDYWvTPjGMuhy8RL58qaSV6PNYjJt8e,2JQmy4euPsh8RcTMkwb24Vo1sAi8MDsdYhyxPkZoaLRe,2796.733304121,0.00
VBJKzUXRsTcJrXQb1YWtGNQY6E2yXv8NTPkoZjQCztp,GMu3PdgceNR5Zn4YAfb5qxM3qjM5mdLykeumDSQJee5Z,2668.854392589,0.00
5CcsBEKCZjz19fJ687FiTgBRVcV6Gf7cTBscsoCrdRtA,5GDEcZUJQx8HPxfMLEj6u4UzMkaTB2STfGxUEM9R5hHz,2661.961689654,0.00
BLgyxB3TpiZxckqBjFcwY44LW2Hzpg5d1VBcEa7Gb2sw,ANjkVWAMxSz3b7faD3r2AHhAXoVm4aQQjfxXweibtzp5,2642.038014178,0.00
9sMgU5ryQaH1WxiRpweFTZkb2YxbN3J5x9vQK3tbDcgU,GrWktQeuprD8pFih7Bygcy3MmXBVo4cumhaaXLZRZGnh,2602.765629775,0.00
3CgvbiM3op4vjrrjH2zcrQUwsqh5veNVRjFCB9N6sRoD,4hh3rnU6cNanyffCuQfez259iLSJW24HuWDuGJRUJhGf,2592.244040159,0.00
8cGdgrr5cVz642bwhrXkuJAdfHKMKrKXGQ44N5cXHiuD,7xmgoCCWnX92Y9vE7qHPLehm3DbxqM8fa2LVUksooUUj,2499.783750606,0.00
7j8GGy9Hp4SJ63fojakfa9KKBsygZ2UDV9cqbeCSxMBC,nTJuHhYyf16sxfDPsbREB76snk5jCESGTMxV22oxd1Q,2469.941706374,0.00
JA4tZuKraReteSUzJ85AmMbCVa8L5XJgHqYAT2xwWfm2,F83WP9HKmatq1RGHQ9z7Z9nXphcjHGTATnBoN3JVx5Ws,2461.809956893,0.00
Aei1QQtTVkK8mu3F5vc1iSiyNLmQJK4pvPrQtALmzsMV,6csirRueMtyVXhDe5gwRf2PpSE5QwQf4wCDp8xgnqNa4,2454.098841589,0.00
76LxzTUjGE32qfAjixN1DGMKxCR78jjDH2qBnPfw17j3,4BjGXkWUtLh364MJFXCfDmcqHoy1tCe2j4UfmyTYxZqK,2355.473938747,0.00
A7rYYKzzw6siLQQtP1q54cwPPfvDVUhKzpkh2C9tdzYp,BUBSHkZpHepyf1odLyLfmNxhDbW4o8WFcf2XYyLfTmMM,2309.290679608,0.00
8ErqtGino1NXQc3Czc5yq3bX78YBVTr3MJKBSWacYdf7,HSDWNiSqrrRyACMBsUFJDznp9Tw5GtGAbyH7XRhQktc7,2242.702669374,0.00
2pxVHtZ7xyY3AgF65zVR6AsBrzHjb4UD7qr2orWkLBsR,DZEgjDSj8jsiL5qvJ8huCAmJhhHx223dXAZMyo98GntA,2232.386522039,0.00
7QZ388gYMLhxtgfpB1xqVJaGTZXZ8JyQ1NyCXtNW5HJm,Gao3npJhpau6Kxeqfj2bYgNhWWUx1hJidsoJ8nB1uiLK,2164.291624516,0.00
CVB4DgKCRJoHUrXkqgdu4kkQDWAK6QdCGwWW6uguBTSd,8qFEXLXJSYFSVe3hsVrVSVFciehB2xUA6XEh6EoePF6G,2116.286844228,0.00
3XPBJiM6Mq2u4Yq1CSqsEXBkHZ1cgYAfAYDKajyMbJeA,2DFQkqzRpr1h5wKTGDD658TvbQMo3fRhd1vmFHHvV7mf,2103.540924356,0.00
AvLTt231hWpjaUEWbUqtLtzZC5N6XDuKV9sLwvWTCgBV,7zGfjGGJatkKzTJuJe2ff2zEdfTnqGjEMAXL9XSdMFng,2094.386879505,0.00
69yhtoJR4JYPPABZcSNkzuqbaFbwHsCkja1sP1Q2aVT5,6pJEuDFhUqF1DWDEQyJ4REQz8PMoNZQbef2Qv6QRUESH,2005,0.00
GZg2N2pCSDLZ3td1FPscPUEoFmDs9NH1UEvFYT1ScFo6,Aab2CQhajLn7tkS1e9UJbZWvbakbeDDqqJWBvjwRABXM,2000.669142218,0.00
AegU9e74LXCdE23EGxmvjaguyhRkaEGeVF3mgXSRwVBx,EugLtHJz467ksD5zha6W1Ea8gXcZqerPAeNpCn6YwKZY,1982.853526315,0.00
EBoqLjXwrK9oPC9YP1oApxYZA3qwWc26zQ27aEd6BznC,AoX8xP8qqAbS3j68UTocKYuQcwXmHu3UWG52j8yqzqvd,1971.385514954,0.00
C1x9ypk8TrgzQufApeUCHEGwPqzEntdLmAS9o9FgJWRx,5j71nzgAMKEVwX5gwgkmkZUn9uSiraJoemMYUMGNsSWx,1775.344616362,0.00
HCScW42dCMpd3nP2MfXofFj3AuXUNVvyrQCJDVBmCofb,3Wwx8kgEXQy3By9jcvmErR9y6dgrs8C1m7LEtEJPFGB3,1758.519346247,0.00
BdDqPwNoRYinoh512HUiFonfKeew4C4Nhfj2tT9rHArk,BqssjxueTW17i3VpoYZDgiyezEg7PFMPuvFb43157HHG,1733.41524303,0.00
J85VNqdZ3LsLbdThT7FoAWL2NmxiKWog5tRRmGZrcjAS,51ugRvTmaNQYZZpTGvR8gh2LunabWjWGAUoh5TGbLSg7,1732.859354439,0.00
34MgQc8x8UFaYPcc4vyC5KJLvuru6wybgL82qm4JsWtJ,GcJ4ZQQsQx2x7MsReUTLfKcAZgQh8XexDyYsLJpdAbv,1684.193434396,0.00
9mjNYiUt5VEyn6sLN4uoyVu4X1MoZHJe5XvR6qUYKfEo,9tTFYxnrQ29TKwxx7KLzVEwkev1yVz4XPzHa1yijC6Vx,1658.023135738,0.00
5opWJ496s5rFhKkCJbS1w8V99bNEwHEbKa4FNPzxMQk8,6fRbTw5SP4mJKxeUY327LKh3UUKdzV4QDWCmbeNytPN2,1657.991262492,0.00
4axSLRX6AQDrEYCbR8SJRjqvzDWq1QzqoWEhdoH8H8D3,CeJ9GCFXJWrkoG5wfoeKC8rpZgJZrMpwMsq5AFAHK3gw,1655.771028404,0.00
3oiLwyE3JrkvSDWkzA5WVJf3UpLzPZo1XgytjXcgVrpx,GWiHK9GpdNKLWZ8x3mjGq6k3sDEVqvxECoGEUn7zH6wo,1557.340364208,0.00
D9zZvyLmaQF3Fhdrf5GzeTtM4pfoMsiHYa6NQQtbnLQ1,GMZkKgUM14PuNyGwE2VLXaFUR8zeMR34GMfANERMNtvc,1549.770644376,0.00
EMBto4tsTVGiRHVsQTyxcgiWhRKqLjSGyzcrMtWNoQAL,3cMvvMXuUEHZb5UPLrkunxNGuRhAbQ3uKxJwPd62kcxU,1544.150038408,0.00
BMUiev5yxDMoevGEocXbLqcBeoj1iNPEDCGEJdgUVQtk,H3LQxnQYE7MA1T5CksvLaf4cNhSMmQvbsHZ5vvurT5iy,1452.585651487,0.00
7mKJtJajbETTjfc57k6VhttK2go7NpLbK2Rw7URvwYGd,d9LBwT92if3KdnzkG2cFeeHiNY8BJDczGbPusHvHxYz,1338.179488832,0.00
8nc5pU81JVPtM1kZZ45nbhAp3dNUGYAxZnrGxU1qKprW,Dk2vNioAdqWQ1qY43StSjpvg2u5VZwjgQ2QgRGTmdmZK,1312.976591723,0.00
HLnpSz9h2S4hiLQ43rnSD9XkcUThA7B8hQMKmDaiTLcC,FSfob4DqYWRSvAkw889B3fH1DwTVVoV5Y1HR6HsHHQ3h,1312.201806512,0.00
CFryk8jhK9T1fGf39AwFe2WopA17WPZSAt8t2V67kpFz,ARXLnzZ26jdmesBvybxpBWbuGiM9ASZSQcUvJEerQtVJ,1285.205297015,0.00
6rscwsas1T9dq4cTpVt5DrbeyeEFkddBjdodfSB71cyb,3xTX8xp2p9y7cqo5aSQEhHqSV5Bg8daSCkwGeBJMYCLj,1255.209451303,0.00
FmEv2s6HzD7Yus5JoqWfUHCV8LxzEG2ngzZkEXU7NFub,HtxRPHzzCDXwvuyjJeE4npqQ67kz6waEtQcy325r1faw,1167.906632462,0.00
ACwVP3YCB12RVUGP46d3Hn9QtAPPNSGXikghsDuWSAaF,3bGrK2GnzHERhfJAcMDkhD7ZBPbSJaASbV1fFFybCKDi,1110.088707035,0.00
G6HNb8sFUKW1WsC4e562iNfoEZEZknh8didMbqv52fMz,HnWmAxkh3nCHQTkyyTjyXYi8qTVPKgERyo862BtqmDEX,1092.926829324,0.00
DL6TFc7o3w9awV8JR7NfHjMUFt9RX35KGU4BxEEUAa6z,HHv2G9spDp5mCa61Bx5SHHnbYcT5M8j3sWXuaZ6Uh8Qn,1066.647649042,0.00
8YZBsU39vLngaUSdCMPeVsV2WAi2RwvN8mZurAY5a3aU,Bocn9HH2Hw31FKUwu6FWpqa9fYuens1Hz7J5QguueBVy,1012.697833671,0.00
D7NaJePVw3gmbeRENfCunWRMheTamQeXua4eJpfkfPwP,6sHfWJFLGkJjRzKczGW8GjR7hAJQkiZXnm4Wxm78558C,1006.654615103,0.00
5pcksnZPsMykjZ4XXG1V5RxcBnfxcrospG3JdFNUPP1Q,9qVdY6WzsKxVPaym7QxGCwJJ7MmaBfQasod7S85UPYMP,1001.510316768,0.00
HU23r7UoZbqTUuh3vA7emAGztFtqwTeVips789vqxxBw,2r8mqCitYFidgKZu9w2caVgvMibmGhPY2kSRBbZsmPA3,1000,0.00
JD44nuVnHPMqfLx42SSuSL5WgeLLCKxq58y6SQdeR8ZT,C2RxBZZAbL7CyA4YbjoRqViiuh3s8DbqTDvPb3XTaz4x,972.200941435,0.00
EUBiHj8UzB1uCTPkA44SpyS6L5gthWkfBxR9QXPMTiRL,5ocuVQbuenVeoKPvVSMrXgRMgE5Y8HfZPTj79tLqhKG,957.338919847,0.00
HwRRuRTx3mfkas4Za4dNDroeuRWuRe3PQAppivzGXwHy,9yDkbhszWHtSZqPLjM7Qnz3KJj3XyRpEShYAnZW13DvS,953.325413882,0.00
HnnWJDs4gB67eSDNAh1YWCjoPG1eKTA2Ts5rY9sCeSJs,BkhLtv3wEtTaham64nx6tg1rFDYhPTD2PGpruzyvamGY,941.119734598,0.00
2AqyJc7qLLsRMUQ3tuKabiEjV1SQMbZ5b4Jwv7NN6GYJ,8Q7QnnseuXFBucMhn71RAN1K7NkYi83JG8uTitPSGTpB,918.257615056,0.00
AYJ3Xd5QURisZycYD24GCN8MPJUJAKRPg8VxFW1sPvMZ,AHDRUUoxoPKSnqcufVcsXhYCqE9cYdMRdVduEzdFP5gU,893.665801022,0.00
4apucih6mUsGyuQix2eejRYDU1TwHxtWRXWUCSoRT9P1,JDZ1d8EYzUo3oKXCKHaZ4gGx9MBjq5nYRKdxCjKYST1Z,780.014146195,0.00
45ruCyfdRkWpRNGEqWzjCiXRHkZs8WXCLQ67Pnpye7Hp,EqsmYXjFyeMLLJhCBM5hkkPLV4h95hp68ZCS8NyL4Nkd,746.815035318,0.00
7LrBbu2ejJnasP7byB8ND9P2CtgHbXisMHzNpXeor3DK,6GZ7kezGxNPKpvyh9Nb2fhiCFvfmDYA8ovDgcpoEa9jY,710.629959877,0.00
6ujAN4hA21bsnfK7eK2T6yFVmfimCZM1heiP3PFvwoU5,9N8xVdrmun1KGo44WcPpTc6JpbFkXNqrqeR7PpAqiDeb,653.415966209,0.00
7n8gQafrzDQbX11U47sXoQjGJPAkc93r5DAgyECmbfRF,37MLwJUj6gwQawyfviS2MtJeV8NSbVMPZVDmtsGjbPCx,640.513959856,0.00
C3zz4gGkweDkX5hcNucD2rBKu7E96dNWnP4yMJrKoGrt,6uSegRCBBXM7CZNGD936qrBXiTFp5KcgZUY3DF4HemBR,638.649350599,0.00
8TNL1hS5rABSd6zT4QG3QCbxcGHtBgFY7w1cNu6xEcGW,6GGHwP1qB3cTp2MwVBvqykJMLNDRkU13zW15mN9x7Qa8,638.09767371,0.00
5vmAV8yGQbmxxfWVUySZNeDVvg9C3rY9VfK9XtsnnMGp,GWWbJXfQeVkeNBydhHusXYGETyhVoPsWPnWgqAkd8FzV,626.941000604,0.00
2X5TA6uLJxSchGshoJxLmo6GfvYKSskc4sFSXzHLsipP,4KTts1CFh9uqw1ykvpmHt2WBgqLiJGAJtHu9neqXyvNj,550.745442302,0.00
EhbTBUDWaZXro8m8T7rVN9d35V43xRk599mV4aWqn6wm,C1yD69veLka9Ad9pFMKoLBqv9gWqS4isGNU8Jckax5kW,503.996876371,0.00
C8x8YNGyPbsnFP5nt14XiMAdWeH1QQyedTmmtMEbWUJS,C1rpJKA44s757NZTKGk2rQBLk4cufARi2hxWZYSTWSb2,499.287784065,0.00
7fdsS7f6D2oFaXNM7TZtyNUCYoT63Mg7QZ5aezbFwRmQ,8YmcMdxHiB5AzNJi5r7msuwvUVaiCjc31CxzZbGeztAA,496.311797767,0.00
APPS9x88foK7RVgKNyDVcFNNnX1nLX8hV9u45YyYerLn,672yYWqdESZN2rpZoAszQkV65EGVSeJpQngV42tzHZdX,480.596882018,0.00
8XWPyirgGJnir7nuSbKJYYACTPKuEFcxjU1Us333EH2,GmhgHbdN1ExkayDEoFGR6YEjyTk9YCxLUJn7taELgrcP,469.359128246,0.00
GzACAFCf1CqYmPfrcxGoT7BDWnWDfN4zds4Cn3MDdHDy,B6etvrhf8yQ2kkcm7oh7MMEhPxiY4PeWomYZe2Eh8255,453.654270449,0.00
7hQpzxX7zgumYiaa5YZnd9VAvUGmdQz5kc4czZqPw4wk,GFnJ5uDuHajXjjMJMuzHU7aitU52r56TpPVRBu5ZUCGW,418.55365914,0.00
22iEqkCAVnqVEbPk7gNa9hBotUAHkTSaQxbvqXe9SX31,JqAB4UwzT2oD2ZEcqAGMHCbiV5J3MBi4TFCmteMnC6f,410.463255288,0.00
4DnGBPVPnkwMVVkVvmKpdjmZVCwsg6NLZLFZNJYFAJAN,7abFqBDBy4QnK7ZwjHcerJtZpc9a6MzgYCMqvdzFcvCt,377.893972517,0.00
2s9an24RaUXtb5s4DazmZXABXbb7Z4ahKcRuw66hnB1o,7rWxHWLPdkY7jnxkanULrUGTNR99DC9sav5Bq1fxh3Fk,348.022370389,0.00
sNQzrQXmyu6t7yugLNRgBeRcyX9DtfMgbSvk1V69AZW,GVvdRoJX6dQgv8Zdq7K38tWxBf1FEnpgGyN9jMd24qq8,334.581994923,0.00
FRycphpjXViPFPWWcg1Hgege1yDtTJnsDaSpY4fcA8iu,76zkZYVozybnKeW32UUX412j1XhTjnvafVDnpA6CwJhw,334.354245122,0.00
HFqp6ErWHY6Uzhj8rFyjYuDya2mXUpYEk8VW75K9PSiY,AnovG2GHrFx174yexvwZM9h5do1LdhQbWH5gpphN8RjK,330.391962642,0.00
Ek5UvxSkdBECKZnc7UxgmjS8igfBx56JLMuMNbJTEkDT,Csvd4vJrA82gBSer26qNDHkR2did7L6A3NYkpp5fCtpD,301.536261536,0.00
74sTkkroBdbiQJaeijTbi8ff5UzHbZAWbV35CmYGHQhJ,E1VB3VSdPsKwiF8MXswLQFQeHVcPmLb1Kpgr3cpnwtNN,299.866497256,0.00
FKfiGikiziAPi1RY5V1aph5M2iorS5WK7G52P2D68bt3,Dtxi83e2WqappJbVJ3We6AfteKni8AyAPnLibwVKp3jq,241.72030193,0.00
ByorRgZfHxmdCS7CNbkeCFpF8g7ofeXPDRiwrivhbGe1,9NBeWfrnz5p5M4JwWkC1ugBxcERZEiEQAaaFZPfWyMED,202.440825449,0.00
FQDroz2dMEQgrp7jiaagx1dP2VJa3xygKjqXQjPQQTuz,5nc5MJXSzWCNrLtobtALYoq38RKh5UTh7ePtVTimzqBz,199.999999999,0.00
DSN3j1ykL3obAVNv7ZX49VsFCPe4LqzxHnmtLiPwY6xg,Bn3b53PvtUj3hPsVhw65X8Ak6rYfoTJjdydUdPoUMAwA,184.762060985,0.00
NJ1XqpennV4jqyB8ortZUP9LQE9CmGt2T9o8nHDUMUo,HdKwM2PK89aXGgAbm8fNDQxGWG2pehb4JgQKmR8KjgUT,171.476273498,0.00
8piGunYjd6ucRSPxVu5aYYk49u3scTV7VD9J9JSHmdwA,7kra13fXYMvnFEk3uE2rFTrzXkwEeqcEL3ju4m9N8UKw,154.664671796,0.00
6mc2aHTAom5MZcACfbfezEU2o5dyvVfE2hGjumRvtn8W,GDbm8bbizck7PBWEQxoz9HvpX2HXfAo9SbJ1d7g7wRWJ,152.893942852,0.00
69xpHRvBFzG5UooTszUEEcNvdEvKZeUdbxLE2wXUbLar,KaoesYSa1QAyErH3Ek6aSo1YProWimTG4KeA6AKRPoz,149.974783477,0.00
GUUnY4Ui6qAgx2XafEvzEFnLvDpK6K2CTVHBN7Hi5K4d,Aaw1e7Ge7UV4zgNNyJC483g8U4KYNR1NdbHeaSrboqeh,126.611439405,0.00
ChhYcFqYjs2GVtNipkwrTg5eZLvkfHmd4gMyJDoH9fYA,522mnyGBR2SarVwyz9oZjkejP7HmdLdFHXGz5cVe2Rox,107.007941625,0.00
HWbAZdGAPijkMqBUyoes8spNdu29nzhxByfFAVLzEXtU,4RJvGpSaffjM3hEQtT7B9htcHE4T5yrMmN2k2p6vkcVJ,89.701421466,0.00
AoEZsn1KKroXwj7tFnnoXBietdiN3Rda5SNCbH3D8AKn,7heJrW71AUW3G7LUtJUR7cHpJ67iw7TDXrMjxg4EKk35,80.00009082,0.00
8z6HwGGRdNSFKQhwXaU6yaTmPXpPH8pqJxBpDMAvbUcp,AxJVTbfxYaiWe7g524Xe3q8ehRu5Z9ys6XeYum7eZpia,77.188149925,0.00
HxjwdF326ZunmUwC1iXhfgL3ku78YsksN6n7Rfxzwr6b,5DT7PKgExsVP3EEB6fLPd5o7nQ89iNWLbZytLvCpSoF7,70.343896629,0.00
9NnxsbBdfsuy7ZNErSJ7gx7pyFHqEqwBXiNGDLVwZ3PW,6QJ5qaMBNZQArA4Qq3WKR42VqWiyXbYiCuT6dZ1iL8F8,62.019846915,0.00
2QfBNK2WDwSLoUQRb1zAnp3KM12N9hQ8q6ApwUMnWW2T,6yz1irrt6ZTsMgbVAZ4DNoDiykrgcWJTankKkZVXWFgD,61.518006005,0.00
484D92niJmhGf7CEW5vk2QjpLR3eUynP2KvNH7qnXcYC,6WgEHHiRopzzY8b1UAZ4ku5sKQimdpSSf6az2qGDJeiL,58.803527781,0.00
pSwTTFE92RsRtvMCpb3mjruv5ww2KgBNVPscwdWwbxk,FQwNL1RsGvTrZV6vWRRUjQEkT2nRukd6VNagjpS2WZpa,36.040755636,0.00
8eT3ooQjp8bY1a3j1bYTttJWhCtXtQcFcZ9eKGGfn5DB,AjVctf99T82iQ3FmV8fdqGJACS7N4JGzhTewa9qsvqNU,23.579238448,0.00
EzA4kTAXD9ieLnMC2NQEGRyB2qpJ82TdcFNkm4q97f84,Efd8F4TWfsRFC2oTjgkvzT4r29SvVj4DC6WSzENTom65,16.927467526,0.00
A3Gfk5oL7fAME587NimS6DWShUs6ctfsHzGxpg6gPp47,tBsCuXheJfodorCzVLJUT5evnGinVvAAE5dQCjDXoBt,14.021118413,0.00
HWPN62TPHtH4umHPX2yNYZcfsS1HnuJVgQbBS1miqibu,AGDix82p7zu7MpgHRey3Bpu6nCMkq9doC3JwTHqr23vs,13.956899592,0.00
6b7ib1NXbywKkjqtMufNUuGcy8t1zmnRNPeLa8gjBKNo,C41ZissvGEfJCZrWG6AfgPMLKJWSfNunYfLa9XULANjk,10.225345526,0.00
7zujqoQsFic14ncDYhBSVGvDnqc94rE49c1ZJCHvAtiW,DyooyehgxPNFRKQnpyFSpG5jTZ45m9K9PJroUFR6WeWc,8.89423826,0.00
9ccXN1LP5J1ewJgdnd3EPXEHbprdvxVYEkDCS8W5EJMH,CDa4Tc9DmXg7aLbULCK574p1XkQ3UYRN7cKJDfxZEimT,7.319938883,0.00
FVEQkxAjsXBaX2jUqXxhd6ESGrxLSnLESbemRNpHWMmW,9J1Yxo6szj8imBQPrA1CKJMFJEMjuNDpD9SwMtTmXdnw,6.779148071,0.00
DFDjLXZCkkQzDmZHr2CLrkX1pmgpUs18gEakJDxz5VYV,5oZ1wjHVYpJ4E1EyV7iqAPneBcBtdEPzk5uKtxUUFkws,6.46363763,0.00
C8c939DTQWTUdyts8ZAy1nRTxV1X4aRZRVK1R9N6uiW2,BcWuW4Ltws3aWKy9tnrLfvZ6MSc3QjNDEYbnnGY5mzAz,3.918570508,0.00
5i2tsNaZrAdYvGYNXeKNtxAo76RbUj1W1swQo6KEtvzL,jWyKAKLjXKD8y15DVo316kHovsD44UBTWH8xcJfffz2,3.554273057,0.00
43mWEyLe7TTn8U6yX15YP4hgrU38HfxBWNFegByMQwUd,5WBM5psDgYeMVLdfRDf86Lh481p3woVUc9F3qmwE2UcJ,3.457185714,0.00
GpZ4JvEJJnRqbCkYtYXMWKbFHZisCd99RayXCjDcsWwQ,23RDu6mobu9r4p5ucp4Wkxq2gFHPWMs66qJatPYNKY6P,2.483236454,0.00
2y1MT1pAJK1GBFZvR3kkx3dGSi9M6XKhMn63ExZjb5oY,AodZgBbeCXSKwrhWKNyRWwv7ekDQD1E7ZWy4scWBXsPy,2.120333404,0.00
92cnaUAhkZmch9KAomsTVho8AXV9t3TRpzztCyAvaZsR,2v7zNTwZC8MNnPyiFVezKZaFgqrQLBjKufySdeNA8rPy,2.097853836,0.00
8pkGkoVBoDyhothcKesivKkcQE4F1R3vaUcHSKwdHi7t,HX9FFMcT4ao2BS6knj2Ay8jk1ZFmMJ22yYVcmLZzGMdW,1.479419939,0.00
GgU98e21sZ4r7KaRaN7L2NYZNrPNZexKqo7rc3QMk22k,4FDvGwCPfb5rrFzF2iDBcfmziMWNdK783tTeq5jUMh8x,1.228794598,0.00
3xRTLE7jxwqzprpCXj2vqoLScetYEPTouQkJyXA4deFS,CornxXy7dSHupBU8iJPcnaQxygpwroC41uLEPGLLiwDF,0.993341776,0.00
HFopnkFXowXLXAuzp6iXkuEJJtHWskXEwpmvSzrVmHPE,2GuKVJr1zAgEm6S9naZiuWNvoNyaY811LBfh11AzUSXZ,0.642405131,0.00
JtUPCXKUkqhKnM4uVnFnQxHt5ohv9qs93twFr1GVRgf,8FtaSC5EHUwPgwbj9r1qUSrEDt696vGKGgS53ruuTd4K,0.618352284,0.00
Ea2TgSKvVQ3nSadFuGaaXrMimt3iKaK2SVKZV75uqcVT,LNY7JqDkj3WRnG8Q1twr7xR8EUDe355pFZx6sdLQS6Y,0.589324491,0.00
2XrrqZSK5ugUX8VcKQAs4A7Qo4XhM18tn9wYqW9ovT5Q,rMzEXvEWzq137oXL5TPdW3nvYXJtoVG6eNX7sGM6FGK,0.569016963,0.00
3MLp6EqfGACtuUtDy4ZLY45fwSyCQWqkf62BBLhYMpXG,H4R58AVYJFSdxMY5BSZrXnz7nuRh2oRJpHPv3Fthj6Dr,0.485148503,0.00
Ea7MnHck64j2zGbX9CXgaDNPdVJfQLzwCKuPXmboV3mq,7WdZ1cu5BmruP9tWEfP3qmPEFoZWNUU17JXwmEY4kMoU,0.438432217,0.00
AbwhXp8X1xvo1EojGQGyK8UZ5wnfVbPGtv1qYNokj1Tu,CZPc8uSEV7wW7BtLZ4dmedpimBd2FA9uQ62YDaAg9knZ,0.232975739,0.00
3b3zfYBQ61sEicY4bhQMKUvRo9bAxPYAz32uyAP9Cj9u,PaEe7np45SXyyxGy6LS1HEtmQsxNFTdjxaaUhMnZMpd,0.212191634,0.00
7pZPSWX8MN5LienrSBzfViuCiP2fFKkW7ScuXxjjNgU9,FKk3geFF8BKCsfUpVXgTzhWK6ir7g7KrrM27EsV2Tebi,0.099708765,0.00
E6MJyPQPPCNK96WFMYQAErUjmxpmSUZaRvsk3osV9Gv7,CZ7gvzzqg6T21MnUC5NoHABiTNd1LdEAhYxXfbGNJ7r6,0.047531883,0.00
AhYWWBuSKjEndAZz6Luoxy8xVEWuLTGMMC5gQY29RkVY,76umxNxezc52zQKsnhHyiPXc6hECnXiKaAWtLNRubnhQ,0.007223755,0.00
7dGrdJRYtsNR8UYxZ3TnifXGjGc9eRYLq9sELwYpuuUu,DzWDFvqke627kz7LzJ7ch31HYE6yDiXN3X5eVp22JdeK,0.005524361,0.00
2XmyP353oEeHUG1TwCWZL1jSDBGEKLzMM6JQ6DL8qt2H,AqgmiKbQucrPhKVLdv3xGpdbP5aP7iZd67Wj4ujKrzMV,0.00472982,0.00
Bk34RrhPmYx6F4gqABDRhHt1UXBfQMcPYSSjFg7RrC25,GwQeA9Jxc317vCTxSFy8ANa5krPvg9EqHVNyYnHZBDqx,0.004308137,0.00
BimrRwdADMP8LJNAhyDmS3m1Z2F9v1NHvUGBuDVJ4TQ8,CMqt5z4NnsSo5CnZiGjLbCwCFtbRXtiXsSHGSQJvjF3A,0.002744917,0.00
GQEZDiygN1Ric4po2zCSs42kfr6SeBL6Pz1G4DENVWyA,EWNpLzXjPyuSoQee8tUqyqszh2j9CUFtqfwMsDayPZRs,0.0017732,0.00
C7krrFmJALDRW6PuXYPpmn76pUzyrFuECiFZMRuGi7RP,DhpBTDeagavoNcNYY4MiWU1PNZh17ZbVpZ4ChL2QCCVz,0.001499312,0.00
5BhcAe6RdQ4pKLmAsAbbkmkBYgW2yKNGA2okfUFURCHC,3LmFEZKFbRvsbhmZGdhGVoXzYu8fSyyZfDxNt8h2Lupp,0.000089005,0.00
3PGfC7dDMRksBdxfwS6pEoP3DRq4RGhxgLLAdioPZhVA,12WMGZvS9GjxqugZoiGkGZ5VQVs7R8k6QQtpW9qLPzfP,0.000076687,0.00
E4R8AJuES8AAajfsfp66xh5EgtyBSqzYqQiuy5FYebDR,5oftgfgoLhbtEyCzJadkEBQsUbuJP9PqATgEeaJzxxHp,0.000065609,0.00
7fZXsUJDDemx1VhmHm9Cnp3Y977wweTRbkrvGdKGfqz5,DgxWB9zqDEthHkW6yg86UP2oQJoP48cFgPwoX4mrWoGi,0.000061883,0.00
3nG9zBc6fTne3j9kkS1CB5quyt25CS29GEjvMGNKmDSz,4MTd1VWomieFkKntPeEVpEWiNvcQnnHTjDy84NVUPtC8,0.000053812,0.00
3WxUfKAxPdDbp921qzHoQ7MDDZRw44qCbpy7NLeh3p1a,GCwg7xg2V7UYVtHwSUmPweEMJfsvDvEyAwPsbirPLgrD,0.000050381,0.00
C7kdbncbVrbuzVWeKQPdJTVFSnK5eAqZE4Y96HYynicg,3bKeqrgRRxifAqnZodDLfZuzbqDz6Ps84p3xtysGw6xB,0.000042469,0.00
FxGRa4GRfnEpmSvGmgGNVePzjyTngurRFYh8NYDGkuxK,45FkRL6WArFAdLPezv327R2w5vjXvJCCUVjGinFMhBZ9,0.000041446,0.00
HB85An5mo7rSUb5KyLCLf2TYNqQKD6k2cWPN52SN856J,oTnSe2akRQgXsev2iYCDrXVvnm1LGwH6euxu8JESJNk,0.000022273,0.00
AH2KQpKrtrtQ4GMqhnW5wSqtNeC3kV53sVyAPVgEjPn3,YC4wX48UaFwTsvEXfcK2Xr29DmQZhctqJV8wFJaGsLt,0.000012794,0.00
6DxXj3LLuMwHnmACu9Dq5mcbNjTtSxHm5Vq1V7B5vHPa,7CoAXmmvtfKRbyzHqEVy74k4YK2bvXe3sr2BLovEqLjJ,0.000011947,0.00
2jjW6sk46YHKWL1QMTqnZ3Qv86d1gUHF9mPwKA1Cu2Gd,Bbs58VZF35e67pQYWQ7gLhfasdpA25vLPmnqktNu6wSK,0.000011917,0.00
6ZpbtdHUUowRqXyzwnpMT92Yzh1PD36diBCQk1k4NL6z,5adzJ9rkHtB4iRCmjafPbYfrcaEAvBR2tqCuNA7Es7em,0.000007465,0.00
CLduyGjUnRDCnwt775GimfR8UU2Qz3PWkqKYbSBEp4Q,HDVejD1HYkN4ayz6nAjZ8Gshea2MmkVzFeRRL8bj4YPR,0.000006579,0.00
DQqpC6QjcB9DvU9k9vpazumNaJHx5nceJEhznTEDBsBy,DYmpsnCRw7Cc6kujoSoz3HEA8WifD1rLNKCwk8aeJVyC,2.95e-7,0.00
C6cM8sDMMUb3Cw4cSeKBrBRDBAuTWtpNrjaJKd5UwBCd,H8H6N7dKr4PEHxsAwJqb4kwiZwyaiTisf8er3hCwpqWB,2.94e-7,0.00
DSg8Nc14BEKuK7o81w7JJG5QkDv3HcHwVsDLmJbqT8r8,EsiANFDyeqgF3byEJcCqixJMpUBbmxUcKhaws4VQvtkt,2.91e-7,0.00
EkHAahWr9ZCc6ZbyAuvonitNhy5i15suJcyx7vqMeiUX,BBVHZ2q7L3Wzrs1zQxCZh2ci5xyvmVTfgXEcoHk3Kf21,2.88e-7,0.00
AuNN7wfsw8joNy41KdtYi7SvoQWR44PVz23Uy1M26eAo,9vDRmSx3Va8WEtCSGETJQbrrBcGuEPvkQE9P5cYGLy36,2.87e-7,0.00
5hikk84KyTcCxZG11Rejs39ZgEv4Q9eCzitMGHnWmD6X,GZKzrUjXNsA6diHgrJfRvhiceJSirwgD7QdSEowzaaPi,2.85e-7,0.00
72ZqhDe5yvw28p8vwd3vXG7UaHy3xRnAEVtSYXJ7Ztfi,CAcffLNfTWHeMPA5ZoNB6eW5XaLU7f1Byuw6qXaYRC7C,2.82e-7,0.00
Bgk1EcweyxFaihfq8zhC6ABJWtVSy5c1NbbAFr3dQotp,8A1d45ETEHGLMUNonsFWeed56Y2EvBBTcKbfbNhhCs6S,2.79e-7,0.00
Wug4Zp4rp6xBxGZUryGmgPYULzikpJmkMmVGWESQxvV,CrJX25JZJSfbUeKvG6rnC3ch1SoWxsvx44ycGCtEt8Zb,2.72e-7,0.00
BWo7sV8PArsAUsnQLFmhCfNVmThpXtUMuVNWopJrQ4jv,E22EGhyrSAkrs4i6WccPDYbik4gH3p6EFmxBi5feeKzB,2.69e-7,0.00
6WF4ncxNZvdT7Pukt6MoZyye1heCybYfbuKtuh7ZrHPG,LTVXCDHErWzAQ2GY1gmJt1GpE4v7YuWEJWXtMJpBant,2.68e-7,0.00
2mxESrpFKvNBWgaDfL8TgK4UBFuA3WnHi1hy6DXoWZza,Aj3eHQWrGHgQLHjbhaA1yCY86oNzdqnyJL8dY2MGiTu1,2.61e-7,0.00
7ese5Q6zsvjwgGW5WQTMtQzL4CXHVXv9PwwX9Kb5j7nd,2GF32aZNPZTia77SUJtrWkZgAM2m1yKSvrCkhAQeQGtq,2.51e-7,0.00
3dhwnLM1M8KEXcuBKbPS79KLzymmHXSJJ7geb3JyuAUD,CeGVYwspv9YUFi7st5w5FqyJpGxD1n9x9t834ujUT5yf,2.51e-7,0.00
9j3LAgeQTHpAAe246UbcdqoFoek4XVru4xXX1i8uuYFF,DC9J1bBoKURnuUc6CA5hxTU6fj7rqTVJ3pNtBqysPFCj,2.47e-7,0.00
DSh1UzuEMfRFGYoPtXhnqh92uhQJqgDtd4Fyj7NJgFz5,62REiSWCSgJQ7ru9ZjBTuhsZcw7SM5g9DbJJF4imCgNo,2.47e-7,0.00
HVqfCkVGaEDJBx1pnUocb3Mi9BrVpnkVxTt4GnuQhnDe,CHqt141uwwjazk96LeUz2p4tePnk6K3WJYMTYUjyXGS1,2.43e-7,0.00
JCMQADfz1X82J2kr6maiihAWxy1gohqg8wCYTjqmzyn2,5jiKZHpZPr5kv9vMAs6xbhxM3isdwBxefRCU4x9hQSQy,2.41e-7,0.00
5eiCJJBvkyV8oqxXndDJMYYtV2y7PSrXCZU2S3fAYPSY,BARWWG1YwtwSAx4mmmRMN5uA6PChM1X5UfHDFNZNSogf,2.38e-7,0.00
ATgQANMcrx8XtGFaDcgwC7o8i8trMsatM9S4UfZAkhqu,33dWjF62KxAYvBYc5ZHoZzPhLGN1wCrfmvKH6Q1YeSod,2.37e-7,0.00
BRMgN9GFUrEKp3xp2VXW8AVKhcr869u2WyLF6awqWMCY,D1VU84XkHZK27PxFYcNQwtjiwR6m5aUq2kRuGKBbaSZH,2.36e-7,0.00
DYvZwhM4GRu7zS2BohHPjcWECjni88wj8t6jFxWtNVBD,5v7zoUv6dXtnqGwxwPL25XDKtr4eEqJidA8CNDGa55GM,2.31e-7,0.00
7tz128rQMakpwYqqDBomaBGRU7L8QAPUHPoUUsNDKHfw,D24VshNP3eJdDjHhiW7EHFpJaDby8wRhp9m1Mdqar1yr,2.27e-7,0.00
H7vxmfdATQGfBJRdBmkUbLzBMmyERcFLKSouidqaVZgM,CYxPhM5RECXwD4gtV1XyvJgRqFn7ZsEHfepMhPmEar6r,2.26e-7,0.00
3ef43ZzckGobyhBVYNybdWdYNZCq8gC3U9LR1AojhBZs,4FeBoSidyvQcP59cwxgUu6qHoexkKPUzwJaXsbBijHem,2.17e-7,0.00
DPeS511HMTc9Npp38MPC2D4ZgMhJXmHZPwjTNd8YuwoP,EEamh77kCLsLjmX23Xt4SY82bSTxu8YNng2ihqN6vdYg,2.17e-7,0.00
CGMuPhDRSnj4hiMK1dLqrMihjgtMs5Af6xFw1gYwwZh,CD8KD4iA7kPfL5thqKzwYzDHPk2yibESLGgDXcU8xDvz,2.08e-7,0.00
7gmCLY6qz6ZGZRqFEpub32AazJDGiQhnWuoyEEQLKLna,Bw3G48ZNSAZd5UwLsBw7VwWQQzb7tFpW4mxThEQa8psE,2.06e-7,0.00
HDSZGuPSvQbpwRi3FvMFhu1LudBk88FU6CA6E98t7TwU,DLcLEbRyaQLxSd9ULV3h2TTYGBADs6dQh9ZiN3CNGhuF,2.04e-7,0.00
32eYJ3im1Nw8ym7wXPx694raiNbKCV3qS7cuyr5zETwx,2oNxcYQ1yeU4i4oFs6cMfWX57XWmPUg3uPmLR9hbWJ8c,2.02e-7,0.00
3n8PxA5CNnPfrGsPeTAw2Bdz6NY5M9LTvHN1NvmUvgyK,MhUXXkGdBbvn9rXdGVYADUqHC44dek7NumQyGYhtmuv,1.99e-7,0.00
5knwDi121h5GmBd9xXSXzrJyooiCCrJM9jAuVqKb8Q9c,6vLBqFi2q5Dv7zPTzMuVmBhvTm98vSBsu845CoNfTxMi,1.95e-7,0.00
6vFYeb7Ju19xhJLdj4ZGMTowdTxHctLjoo8YVqB4AKqR,6HXfnrcfYhURLrbhsfoJAYfg6iMNvrXDxjw7nemjh985,1.91e-7,0.00
GNE8H3RwPE9Wbmx4AuV1Mzp74zNbspGUKR5u5aJovuwX,EXhDz9nSs5ZduWYwu9TytkhqTNrWYp8SYxWyicePAki9,1.89e-7,0.00
3jumfLHsSXUWQoF9uEXYcjWL3Egmt2B59WjSwrPp4AiT,A6xo81ZbvcPC5t1ndmkvABiu3vTU68aXP47HrSm9ZkMo,1.82e-7,0.00
ZUCAZgnxCZAsVsytuxBsx9DAAhqAv43LwKDPV5Z9Bkd,HjgMuBG7KePwspnYEzNL9v4ZuftCn6sWZp699CQBBZKA,1.8e-7,0.00
23km8pGNrgTD4jtWmYxKCdAAq8YJ7jsky7jzFUELiuGW,2zjazs5eHzfXfc539zLyirP1AQDvjVj3AeNyyXgCKtdQ,1.8e-7,0.00
2q5vt8hSCqig38Lf8Y2dHPb7FssaJhoYHPJ252sbn1mD,3V7UgoadstgL8jD9CkyHkYm7ziJpUVffERkb1qwXYsJZ,1.79e-7,0.00
enYe2HFqu7P4iy7SFNbjgyjbCdcm1Lua5aMdJMiTCBL,C5ocpUVsnXmRSPYNZfYdNnQQwMnV1pEFVDm3zLFgBoDi,1.77e-7,0.00
FokAkUXNC95phEYEXuuS9y216QvE7M3A97jxCxakThWd,DsVji7rNnEnnhWwHAiA49Dm2Mv87YcxSwemB3hRDU2vj,1.77e-7,0.00
GZcPppm9UuB39MjXx9WZNpiCHSoVWfk5rbL7cz5WSwtS,3akfHMgHEuBFva7pjXTA2TasPQKy5FU8ZsYDoCydU1hR,1.67e-7,0.00
5YotTsAubMMfrufdZLvXb29FbWsuFEkVeEmS1Q3MBGLa,7iTXuWgmuE5Atqu3m62R3W8iokn482ipQxmcEoX1niaw,1.64e-7,0.00
8j2D44uSjAa3DiUGXrTcaa6HPgz4c1zSbhK293DXH2XQ,8bUt3QPUQstffFU287BxV1u58E5k4JDgtUGkLqYtnUAW,1.63e-7,0.00
3USgKGPg1ybc3VuAof1XpJRj3oCT7z2BUnwCvRtBNE1H,7TcqSiimgPBnQ5iSEWDPLd8BcSfj9omPcU3nZ66CXfxm,1.62e-7,0.00
Ask18Wg3VdCK4GQ4EW1ZZXCEd8S2zjy8qpH1EQoqzrzq,DC1D3Y3rZaW1airW5d8GbrytyfA8YfQ9kH7izcgXVzMr,1.61e-7,0.00
EcHwgCygsnFmefp4eQgtXiUzsfjeusRdVcCaqZQwPSCV,HdDsTuztTfjPzjondDRTQVn7yN9otjCFk5Zj5dgWnBK5,1.6e-7,0.00
9e1mmDLAd9LhJaecVTuPNHm4cyo1dZUAgwpPVJ3o6buB,BJRGu8xTzHTjjH1u93Uqq2nornYoWuiNx6mSUXwsaTqu,1.57e-7,0.00
vDUzVk2ooY75GLxD3HXKQsvyurzBrz5wXmwfik3o8L1,AQvKKdanDybJLVTdJDt4Y6cehNLP4rC8nDr8nDBUh5Vm,1.56e-7,0.00
C4UMcfM31hQHvgnt1asBLA5AeRH6ToWARsTVG8Qko81k,8djLRgZdvoVnnAabP5zedViN7szVwSvfkzMaxrQFnef4,1.55e-7,0.00
E6XewHAtioJu3fBkLrCv6vigDM9BzK421Hfo1a3woZwX,6UuAY4D6fGVeZixJiDC9erumperXaYQk7nj9LnYCrVB5,1.49e-7,0.00
CXwsF7xxwmkJwgp171pbA3FG6uvX9w2wr2Dzdg9KFYsM,5tvM5cEbeScYA9XJT8amPsxSyxGxQA2RJrivU7nhZ15N,1.44e-7,0.00
kepAeiegoNoEHBZoi1nadUaN313vx2DeBYHqJXo2e7i,HCUwrUyFZ6LQYf97WaR9aC4yPuGg15kRGWx81HbKcfFH,1.39e-7,0.00
9FM44CjyeVa2KQBT1AHnhk9kqJ4FgmtPU17DDoUcH7P8,BF99bx81x82f3Qd5fUHQtFmEPgMgp3zFRuygQ45vConh,1.37e-7,0.00
CV5HJntpp3nRmq1Z7qUvoUsRwCw2Ar25idydEgUrNoFD,Ej1LJvK8r9xExgxcsWRe4FT4j4xLEEQfogqRxL5oj9vh,1.36e-7,0.00
72MrW3JkzWgWy2NkBVGm9EEbWBvEfzZRrwm77JFE19uh,5VuLZMuhm7hJgpBwXhanKt7tkPX6AWcJe9L5CCRoiL2p,1.33e-7,0.00
9K2L1H6Y72bHyJgduHRdeQZWEy7QctZeeiLhrnpuSoYH,J8HZSyyQ169xhnDNKnPWgzkLYE4hMqDQbz6qRxqN2Gxc,1.32e-7,0.00
8r3XSZDoYtLJgEgy7WWeUffmzVM4keeNSNjVzA1cqQju,BfABG1fsWQok7ikWG6YmEp6RjMyKUMeyZd1ZJ99ApJuH,1.32e-7,0.00
BjibQ5hFqWKRtiHKHQn4fLXsDobo54NhhLSPtBJHdbQn,6CYKcRnaQSuAVvTqBngiLkfXFHU7D7RhSrKiS9Wzvff8,1.31e-7,0.00
Czzfxtkk2vsKddojpP2zJyzvbJ7DENQWqYBhaAZFYqxL,GJ5QjSbLpaunMyALTiJqyGorK2NTycYURgAYwZQRSHe,1.24e-7,0.00
EHqsnEVyeX7eQ8ToWdiPEiRtnZorAWb4NY7wgKbAGzL2,6dzYFbsuUWuMBoUT3Y5KoFrELjvpPBpNiJ7yKVK3SHve,1.24e-7,0.00
8DV8yfz8fBEPcAXGnaTWyJwrLat9kyEXw39WQfidV72b,2L44WmgjQrgRrkEymRarPfSagfV4ms3WQe1ZRCkaakux,1.22e-7,0.00
G6EJNnupj4mTFTq7APz2AsTZfUpc2VSocXFD4sxG5egy,AYnkDhqkkUktKAsuWTVSh2iesUfLMP7piuDXoydEotYx,1.21e-7,0.00
Bf5RyTmathAQX9NSXt2q6qyyFdSgzRmuuv5opfqYpLz1,2xgfLfnzQUAxaSdEcXT2SvFixzxAUJGccDW6o9WPfGWU,1.2e-7,0.00
Fef1qovYYYvCmZdQZvGeJiKFnJKV8LpWCqxCpdAjMn3x,7p4VbMZvRybDSwDt5NZgEcFVk9ARuX9Jgbp9UhrnRpCw,1.12e-7,0.00
J14NLNLza3LRF21uWaEH42LezYxQ9NXuHxaqggUdteZB,4oUp3SE9hztaX1PZP2Ypyw662HKvu32eoV5BVr8saKM7,1.12e-7,0.00
hVcmLRt9Mu8BmHg3iK4WJU1K8N18yYuxCVVHsv2xiHd,4gWfYovvF2Ro3trVQMqdSAPNVvsE539CM7iks8BPcBUJ,1.09e-7,0.00
EcpyRTH8zPk9mRh49oH1JB58JKxpubqQoUCHmoZR26Hk,47AxsQtQbUdGFDy5SnEYDSzUKasYY6apjZoMCLUoBibt,1.05e-7,0.00
8tXumdrMpEGxyDj293fXvhkMEXjL1sJt4T983wcvccp8,BSPaAPNeFKAAK2EGupUQ4bQZi6PaEBcWaj5HzPRxniR1,1.04e-7,0.00
CjGKFP39FNYi2rbfWMMZg3CErmC2abgsYfLBDa2xrsVn,82GhCoCZe9bvwYNMPo8aMiwiBwteTCBAN4mwvsRBkT3,1.04e-7,0.00
GS6ZYMoXhgpgYMTUHxLr6MW6hMx5hvwDkrj6cPFi6sGW,Ds3vZ2WY6TftCLzSju5fPbr34CFDXp1C2otdf6AxY95T,1.03e-7,0.00
85eKuuQG8sQTtES5pLoNfGqq8MAKJJFWAi9x8XMmtY7a,4TLnwUj6DGx3XjszxPfHebSeyNB8dwooSdwyJt9VcyFV,1e-7,0.00
HLnpSz9h2S4hiLQ43rnSD9XkcUThA7B8hQMKmDaiTLcC,RK4uQxqgvh5gUqfQf4MBjXoAuQVgb1eiMuFJq1UpVDo,9.5e-8,0.00
BVorhoe7QeDkkuGzjQLcumZXW423t4txkFfQNB3oPAE5,DbNB5c1JVxbXUkgrS4L6niVjH3h8SrHH3i5JguwsQi7H,6e-8,0.00
GyxQ7vxw3f7gvddcmh7zAfyJCJwvfQnyowfSL357EsMh,EXawhXbYbKEnZH4a41YgEwreD5Frh7P7Dmn87X78kQpM,9e-9,0.00
2siwrhcJ3oBqwgwsJEZbKYSHmKm1KVADCjYSXnaWVeiU,GPEe5QuwGnYbhKk2qJ1pfJR2MbgrhMiMTWqVA5fGQh3p,9e-9,0.00
Aq4DuUDqzBWZxJ7r9L7Tbw1bkrcwrUdea2oWEqcWJThe,7BeoL7d6pJgPpArSAbaJHv2Vq7Pn5L9GrqN6cE7GwZTt,9e-9,0.00
7kTg2E92y1mEX91vmkDqFqvK6jsgSZ3oY1zFXhh14btD,5D9j2o3u7Xs8Uq4WD4QBtjcT5inBK86ETX9uqA6Lc77,8e-9,0.00
HnbeLCUQGb16VnLNgBvS8ESRQdcXyq6cvjZYv2RzzcVu,DwcVwKzYC87edZ5WnaZA9N61jXU1z1dxvSe256QnB7xB,7e-9,0.00
3X1Bemr9T1KM4j3W7NTXwwrvtjMqqw4LtTSvhtXizfq3,2Kv9eBxtp18pPAQ4FdC2D3ecKgQE2Ysr1t3JmMYtDCvU,6e-9,0.00
4FPoBtcHjXFWqPu9Fs8FVXKKFiqnrV99PfMHsWaPoY4m,J2PnfwUXVy9FcCuyTwK95vocuy3DgRrMZvpnXCUSuyNC,5e-9,0.00
ywHYXEbfeKuQKPpCcz9nnXt3z9J2hKXd3xTqmCVrPbn,3wDCXSDCc46jHoBmLHd28BaDQG6McsJDRAuKj2AGd24h,4e-9,0.00
6ZH8npeMo4qfEvByb5hxwcRJp8F6Z7FNsu2DFz6Ax2vf,FnqWy2M4zAJExi2GmUzbgqFTPfkyi3vD9V4S6gCn4D6t,3e-9,0.00
Av1AhuAcm6GhfTx9tHmaQnE6wcE2tzUWRQHdNifubfsr,HBrHwdxAoXpiwGVM9ZwXZGfpP9oWEGV6JSpYvK4s8L7E,3e-9,0.00
6L6foh9N7a3vuw4TxzdyfbD9X7aEGyAvbUKNxLYNPw5K,AS9xy9BJM7aDcYaio66kXjBqkpBAj8fxk7Pk35hF4AMP,2e-9,0.00
8C33mRoeLW6iPvWEj36HGjHNowJJZ3FzYAUis2XuwcCN,DT9yLxgbddLqf9Q4V4DJ5wNHZ6PANko4jdnfYb8iv5iE,2e-9,0.00
GxAhBqWfkRw5bqWwuAH9ssrwFwt3GjRuyLQWW6DGDU8A,Ea5YF5bWJWBL9iS6X3qfoMvW3nYTobUs5p8RBti8uPGd,2e-9,0.00
DqfyZoNW3hJjfED9VJm81n9JChiiTeh7xc6kWWFpfvfm,7KLMsVN3zGxbsYLFvdGLFCGBbz5u6zvntzQwLVuoNLJg,1e-9,0.00
7wyjkVq8w8W6q17Br22Y5cPrwC997GeD86ipu4bCmEFo,DFC9nS7khUJpAuYqDkfFGGpAHmuGWBBXGdb8zjSSjhtT,1e-9,0.00
62b6edyWhUcbPH38yxfkZ6JVAofdjCgT6BCJ1NaL8Yyr,EdALqh6m9hzJW2rPMUfyVfHuwFD2ugudGD728wZ3njg6,1e-9,0.00
CDcNPPgncZaAmhzvYZAuQtjAt51Lb3E97o61APy4s6Xz,BEazCtoBe8ubUERUYhCPD3nPc9pJhzi4fAb8YiG92mcX,1e-9,0.00
fsKbZwRkMdU61br6QvqqYXnpgduujHPzTm8gbjBF9r9,3Y71rX6QPtnAVim1JLf1Z5tDUx8LP6jzUPXgqexgVYou,1e-9,0.00
BzvwJYWGv1SFybLLvRs8bEWueZtBZ6UfVwEpWLj3KwpY,2GAM6BppZdU1E6sD3Abv7tTuiMVZEanfg6UxsxukqCKK,1e-9,0.00
EmpNCG3bnv2akkgqwtz3RZaAqot3Zq5my5aQjz9MgiPG,3KPRxLLoFFmGJJXCy9JCzJwfPYLSnnno5y5bEpnVj5k6,1e-9,0.00
FXwMGyhiveg9q9FVhT59RRDdR6daRrrNMEFmRSRFimqM,f3wpyPx3dnyovtpgFVTfEq6FiBUBFFVMoiYj4TkcK6i,1e-9,0.00
41tH5TzTjN1wJNGLVKAsiSFdxwjRVod5o33BNjMno85Q,8MuMbdMFyxV9WmcWcXxPB4xgTQ47qLbUqjEDRcCN7QTM,1e-9,0.00
2jtjNiH6scLFHTGr2Puevvs6RcWGnLEybzq1SqZLy5CK,HZYZ3n8BWJ6geX1arnARaieC9ADrorowmD1rhCuMU9eM,1e-9,0.00
6C3WgkZZvQZQ7Dy8KMna7iaPwZUp5L6MafXAc2gQYgYx,DQE1GRR4odMNT8zpcRVTexDTBpJn7jogAZFXPrEa5knP,1e-9,0.00
AKbGyKWCze7YPPNYNVcRfYQuVK9194F75sAoE488oAep,BNaXK9ZQ5Zt5J3eBXT7TkTjjkT8UnLyrowecosQmik9Z,1e-9,0.00
EsfmWDbkVghwXQdmUddEYEWfupo2advK83KwCzxUzTrC,3m4QKDFSUCCB65Y4YXDxJKmsvGJLWdybWeWxFHe33zDd,1e-9,0.00
ED2AhgH5m9D5Zit7jKm9Ktcp8vKhmJHqt5t3wiuKJkYE,Bi1fCHGh6SjKtSS2ZweSsAZBt8zob25zFqi56WZXCHza,1e-9,0.00
EbgpeyEZxSidGy82m6JAuGjDnQG5FtL3HaLYrTxngFj6,E3EtrF6HXdrkrxxbRESXAxFBbejkzzs8WxzeUzTSfWTs,1e-9,0.00
DnSP1Ez2NagYBxFAUCHzWe5d36soE1ezmsUgTTBmcoyc,AydKB4doPZWUhEjnjxbKTNL3ZqT6WCdFZDpvZF5SJQjv,1e-9,0.00
CFzizhSgi5WvWjZiEZnATSCNmqqa8BBTZDR7LYovAaz2,9Dn5TLGoS8ucyJoqrnFyKf1XHmrcuAeuJy8vsbo2Rxab,1e-9,0.00
5FsL1977o8g8TaUacJ5XxvEebozQtWar1MSbmqx6stTv,4kA6viSAcckpwEvf9Cw6AMMR36z8YMSqdGj6y7mkrfTU,1e-9,0.00
6owGDzYefpDyTr4td56LUkNq7ShexRBgpmkyunaM7jJx,7W1GCuNccJ1Sa3mLx3ky7o8BYH265WLZ7bABq5s2NFNV,1e-9,0.00
8QoAX1uVeANxx1LUU9kDtkZWtPLcdcpLikEkfYLnsffh,BijthyJUrurxthzF8ER5QKfUsVSzv74pR7R1jksdyt8d,1e-9,0.00
7HR7HuC3p7gt1HFYmF93CzK4WNxwBXYYFt9WvRyL5mK3,9tiL9qXVe9DJPVeDfRjePyPz9oSoRUMuYTroixwLRcQW,1e-9,0.00
8i7cSVQMZ74o6tqKU3Jyjue8WAFYTegtngxcqGXgRyDm,9nedLCrXBNaYE4WL5J7JVdwfddknfx2LWH4QAhV76rvV,1e-9,0.00
7nVUReyXup2JwX2A38cNm3twiMVtuqP4oyb1xxtN7jAP,4ETgVVkgZK57PurzLJn93c9YCN89Yxa2yF3srG3RqdYS,1e-9,0.00
F942LJCK6p3kicR9f3uLvMdWHsPYrbVG15nhdAVgmEuW,3JXJehTBqUcNtygeahuuTH9MTbRFtTJmXaov6AzrdP5d,1e-9,0.00
6tPT1ic3PN5wSi1DKv3X7xt35HsyUP8AsdsQqd8mMJV1,Ar4nUDLYC8savm9W6sQSwDFBzToAc3X3Am6bnfazK6nB,1e-9,0.00
GQCYNcqG67WyhszjBXYHxNVcwPhfhuE4QmV2SeoWx68d,A7QabC5qeA5dBVoGYH4ZCBX4wkAWJhhBNHZDvj26TY8,1e-9,0.00
CiMp5okAiYg6JcdY45433UQYJSjm1wbMZrprL5u2Dn6E,A32sqAnYoCsrWkpBybqUHGAQBRRJmJtY4yvaLZK7PV99,1e-9,0.00
bZRPU9qjwnytoqKR4DbKufEQ4AY3zXsn5fU42mZkWzd,2pZmhC7td2jWsthA7vPFQcrmrqLnN5LZgpujYCmYi1mQ,1e-9,0.00
y3MdYyEAVnVfXSFFwGsDvUrJpjsMpdnNEtBKFD3fG6Z,8ETZ6s5CdmhFVsZdU38NqZZRf7pnkJZvTw6AHSZxy3uV,1e-9,0.00
67HzL6y15M23QYXeT8NB1xUg4pfubNMiJEQQL5AT4Sb1,BtmkNieVoCEsgKooDqFgK89Py2p66QqeCxrW1qftaqi9,1e-9,0.00
3GYHSU1Zpavc4Hu5SLS13YaNLVxyeYiA66zdj4LiSRaY,2hb13iKQ2oQSsBTb2tmYKDUJeCbi7DaijaxyJ4aEEQp1,1e-9,0.00
4XpwhBfXUg7UuC9dKQABF7D2m1VFTb6Squ4mfJMNiR1A,AJLv9dj3z41A6t2vERg818qXv42nkCfBuiAHHqjxGDeY,1e-9,0.00
J7hbiKeAAJX8HsYdEiPkafJw4F8Fokqnzj3WPNA6xzeX,7zAP5KbKiFLY3G2Cub5jdSjH2zHKBp6aZow6GFmK5hHQ,1e-9,0.00
CLj14mQZjHeo3H8jZFpkwx7oHF4E1A39FhsAiMxxFvQ6,845hCUfLHPgG58HfhS7aMKeYrZankwVY7e4skmCdSh5F,1e-9,0.00
8nRsQUrvAUUswaQxm5LdULtzmsAGN1iENX9Hid3CDMdE,AdKZcM5CG8vMtvnxfmsQEZ4Vy8Zp9m4TEyuQpYiY4kvf,1e-9,0.00
1nc1nerator11111111111111111111111111111111,HEXGz4MJHaCqaG9Usc4WtJKV39M7edn6M1CFsAo6WrWr,1e-9,0.00
6h5mNz9gg9hT2KTDXw5dcHbrZKZP1nXMRfqCWit57agR,3iPonggftyv3RBeDtj3BEAo6MyAJwu6hE1BgR61Jv5ic,1e-9,0.00
DnRNaffEAMHMDBBLmzUuxvS1MbUCVS6G4JvreDsbqfPk,2iRY3HNuWGGaapMFW6isiSZzH8pSMQWzuDVopnLrt42v,1e-9,0.00
GbqAr8vz1Mwr7JzuPys6xqjoUYfb19Hdncua9nk94r7e,2qw3wgRKXGcxYbFEiTpHS8oEcSEvbdaDKxK6xPFAAjcQ,1e-9,0.00
